Timestamp,Breath Rate
28.499504327774048,6.92444670404619
28.500505924224854,6.907982002252423
28.500505924224854,6.890269183472455
28.501555919647217,6.871639625434651
28.501555919647217,6.851797121198843
28.501555919647217,6.830424954382228
28.502901077270508,6.807592388651502
28.502901077270508,6.783808198545337
28.503901720046997,6.759391263003052
28.503901720046997,6.734327946686777
28.503901720046997,6.708654451735824
28.504900693893433,6.682375517340496
28.504900693893433,6.655572186201087
28.504900693893433,6.6283914624818365
28.505900859832764,6.60085882823234
28.505900859832764,6.573018454775259
28.505900859832764,6.540741681552287
28.507320404052734,6.503878152092182
28.507320404052734,6.466535441086953
28.50832438468933,6.420144310881964
28.50832438468933,6.371057100372375
28.50832438468933,6.32078072061503
28.509324312210083,6.269451428523933
28.509324312210083,6.2161280145936155
28.509324312210083,6.139382889457117
28.510769605636597,6.058117002988339
28.510769605636597,5.972341064736873
28.511777639389038,5.882071434017559
28.511777639389038,5.787363852726194
28.512776851654053,5.688272442999198
28.512776851654053,5.584879029836598
28.512776851654053,5.4772146225439
28.51426863670349,5.365448866960375
28.51426863670349,5.249674575241621
28.5152747631073,5.129997192451824
28.5152747631073,5.006563481628912
28.516488790512085,4.879508300419382
28.516488790512085,4.748865232891485
28.516488790512085,4.614695118979713
28.517492055892944,4.476949072093078
28.517492055892944,4.3357757875587986
28.517492055892944,4.191235672422093
28.518492698669434,4.043347287109262
28.518492698669434,3.8922216138307433
28.519492626190186,3.7379112962086727
28.519492626190186,3.580567652901071
28.519492626190186,3.4201278385456235
28.52049231529236,3.25667119673296
34.179298400878906,3.090050321114519
34.179298400878906,2.9201578050828414
34.18067717552185,2.7468653457025054
34.18067717552185,2.5699267593589425
34.18067717552185,2.388825766734983
56.966092348098755,2.615524900601798
56.967092990875244,2.86396908232983
56.967092990875244,3.088336903710859
56.967092990875244,3.292015055886408
56.96809220314026,3.477666683017777
56.96809220314026,3.6475799715451043
56.969096422195435,3.803413027021932
56.969096422195435,3.9469709988148964
56.9700927734375,4.079924958050737
56.9700927734375,4.203543612742452
56.97109246253967,4.31933273806814
56.97109246253967,4.428265215312156
56.972092151641846,4.531311534302203
56.972092151641846,4.629055621950232
56.972092151641846,4.7221600507972745
56.97309231758118,4.811166236747257
56.97309231758118,4.89640467496142
56.97309231758118,4.978262987566583
56.97409224510193,5.014405437506711
56.97409224510193,5.047328145332067
56.9750919342041,5.081745503997489
56.9750919342041,5.11750709487366
56.9750919342041,5.154424666288531
56.976091623306274,5.192356190682714
56.976091623306274,5.231073363105448
56.97709345817566,5.270379282725051
56.97709345817566,5.310086678668138
56.978092193603516,5.3500066130683095
56.978092193603516,5.368706117394585
56.978092193603516,5.367290524728022
56.97909188270569,5.344236287733835
56.97909188270569,5.320741197096074
56.97909188270569,5.296519747382382
56.980093479156494,5.27172893342422
56.980093479156494,5.246126347485593
56.98109292984009,5.219592973982084
56.98109292984009,5.192080694329305
56.98209357261658,5.163465756872438
56.98209357261658,5.1338553826776545
56.98309278488159,5.102769565254109
56.98309278488159,5.070500534750279
56.98309278488159,5.036925622128624
62.655213594436646,5.001813285316203
62.65660619735718,4.965312003935198
62.65695667266846,4.9272466099698775
62.65754818916321,4.8871719808029495
62.658098220825195,4.845163927796771
62.659112215042114,4.801313065283717
62.659112215042114,4.755416127426436
62.660106897354126,4.707299177445236
62.660106897354126,4.6568783177664645
62.66110587120056,4.603908020799405
62.66110587120056,4.5482215331715325
62.66210651397705,4.4899973626146945
62.66210651397705,4.428811646174638
62.66310691833496,4.364657129036384
62.66310691833496,4.297676034952861
62.664106607437134,4.227824021997554
62.664106607437134,4.154460431663138
62.66510725021362,4.078202982132816
62.66510725021362,3.999094271920132
62.66510725021362,3.916925070130133
62.666106939315796,3.8317158032294767
62.666106939315796,3.7433267578287897
62.666106939315796,3.6519840994572013
62.667107582092285,3.557974716831542
62.667107582092285,3.460380704207942
62.667107582092285,3.3602450937366437
62.66810727119446,3.2576434055526406
62.66810727119446,3.1522834235745045
62.66810727119446,3.044743833955676
62.66910767555237,2.9343432066482134
62.66910767555237,2.8213598039244627
62.66910767555237,2.7063822669943645
62.670106410980225,2.5899044396784716
62.670106410980225,2.4723582983722885
62.670106410980225,2.35325979411357
74.05688190460205,2.3584473136105792
74.05788230895996,2.5189582673187707
74.05788230895996,2.6843569783622105
74.05888319015503,2.8517542298362115
74.05888319015503,3.020917483804024
74.05988192558289,3.1920524903386887
74.05988192558289,3.3629129859367612
74.05988192558289,3.530873079404456
74.06088137626648,3.6949140823786264
74.06088137626648,3.8547992910199382
74.0618884563446,4.008548910101385
74.0618884563446,4.156795302422558
74.06288266181946,4.298796462242386
74.06288266181946,4.414703385778097
74.06288266181946,4.399599277975912
74.06288266181946,4.384353142489435
74.06436276435852,4.36841426513388
74.06436276435852,4.354465825541557
74.06436276435852,4.342091770798426
74.06574773788452,4.331102497730059
74.06574773788452,4.321603499486269
74.06674480438232,4.3131422980571585
74.06674480438232,4.307944186065554
74.06674480438232,4.304244191042019
74.0677580833435,4.301123164972162
74.0677580833435,4.298381247133929
74.0677580833435,4.295230643026643
74.06874513626099,4.292731674011164
74.06874513626099,4.292966073863944
74.06874513626099,4.295322123013723
74.06974458694458,4.2987405195024655
74.06974458694458,4.303183558711601
74.06974458694458,4.308560961458553
74.07098007202148,4.314731532105844
74.07098007202148,4.321903955547512
74.07198596000671,4.329902315001265
74.07198596000671,4.338703624627179
74.07198596000671,4.3483056431054266
74.07298493385315,4.358645001009799
74.07298493385315,4.369606942736215
74.07298493385315,4.381334963813123
74.07398557662964,4.393661132510819
74.07398557662964,4.406486953413833
74.07498550415039,4.41938653228018
74.07498550415039,4.433204531322977
74.07598614692688,4.447786196942531
74.07598614692688,4.463048045206008
74.07598614692688,4.478767054983514
79.74564099311829,4.494993931537692
79.74663543701172,4.5120872225405995
79.74663543701172,4.529709346510003
79.74763512611389,4.548339371784788
79.74763512611389,4.5678833348845576
79.74763512611389,4.588090910681505
79.74872851371765,4.6097426610275365
79.74872851371765,4.632530867587794
79.74973225593567,4.656360423716173
79.74973225593567,4.679605222413159
79.75073218345642,4.702997646588553
79.75073218345642,4.727394302255686
79.75173211097717,4.7518313893481245
79.75173211097717,4.7755382800844695
79.75173211097717,4.798651630365744
79.7527322769165,4.822918251053635
79.7527322769165,4.847568702220552
79.75373315811157,4.870916786680535
79.75373315811157,4.893408506709073
79.75373315811157,4.914978210744464
79.75473284721375,4.936193557457151
79.75473284721375,4.957051210375448
79.75573325157166,4.977041264640383
79.75573325157166,4.9960831845464595
79.75573325157166,5.005411413923994
79.75573325157166,4.978029610548613
79.75714159011841,4.949457206674064
79.75714159011841,4.92002862467826
79.75714159011841,4.8894865345445675
79.75814580917358,4.822332572461617
79.75814580917358,4.735555433774153
79.75914525985718,4.645734172094179
79.75914525985718,4.5525222021287535
79.75914525985718,4.458586742907703
79.76014614105225,4.362123470238825
79.76114535331726,4.263057244181798
79.76114535331726,4.16165715004445
79.76214575767517,4.057492338694523
79.76214575767517,3.9509208146346197
79.76214575767517,3.841704008789162
79.76314544677734,3.729699928048846
79.76314544677734,3.615315357432907
79.76314544677734,3.498527644495394
79.76414442062378,3.379918544574043
79.76414442062378,3.2591441900331706
79.76414442062378,3.1358691353378427
79.765145778656,3.010101771206645
79.7661464214325,2.881783031419669
79.7661464214325,2.7510950847177353
79.7661464214325,2.617304715119033
79.76714563369751,2.4817551586562208
79.76714563369751,2.3451128846305527
96.84689688682556,2.3758627227196043
96.84789609909058,2.4582302748572245
96.84789609909058,2.5359186111310925
96.84789609909058,2.610917672659306
102.52910351753235,2.6872386357825366
102.53006052970886,2.7662567517102827
102.53071165084839,2.8467015690919184
102.53171944618225,2.9244665347506484
102.53277111053467,2.998045854929869
102.53277111053467,3.0653858198553934
102.53377056121826,3.1296034051198176
102.53471612930298,3.194170810741602
102.53471612930298,3.101665118389593
102.53571796417236,3.0036042886224408
102.53571796417236,2.903587606018374
102.53671789169312,2.802114120321157
102.53671789169312,2.698299642750585
102.53771662712097,2.5911458813305925
102.53771662712097,2.4821147426857695
102.53871774673462,2.3714953864691126
113.91336250305176,2.3625909797314906
113.91336250305176,2.4479086785863196
113.91336250305176,2.53878732608632
113.91436243057251,2.6205996751466483
113.91436243057251,2.5654336467782435
113.91536283493042,2.503440868681166
113.91536283493042,2.442182624214054
113.91536283493042,2.3829518755212966
125.31156516075134,2.414833380710744
125.31156516075134,2.5405787907324715
125.31292986869812,2.6605269421285245
125.31393432617188,2.7813868776654327
125.31393432617188,2.8997340728612997
125.31493496894836,3.014518594066942
125.31493496894836,3.1271518275712813
125.3159351348877,3.2379369250746075
125.3159351348877,3.347172611985767
125.3169333934784,3.453474981462416
125.3169333934784,3.5561727881375766
125.3169333934784,3.655170631434447
125.31823587417603,3.749409654894777
125.31823587417603,3.8423052206549775
125.31823587417603,3.9324337006396672
125.31957936286926,4.020447899573644
125.31957936286926,4.105533784013013
125.32008147239685,4.187822925301675
125.32008147239685,4.267309652894571
125.3210859298706,4.343103394511516
125.32208633422852,4.4165374441164715
125.32208633422852,4.488315990934347
125.32208633422852,4.558547290210504
125.32312846183777,4.6260841802092765
125.32312846183777,4.692290820599335
125.32408571243286,4.756224734723656
125.32408571243286,4.817658211845336
125.32408571243286,4.8448738034317245
125.32508540153503,4.821047549293758
125.32508540153503,4.796845331235431
125.32609152793884,4.771928115363748
125.32609152793884,4.746540125234613
125.32709622383118,4.721142397381438
125.32709622383118,4.695124103075049
130.9968705177307,4.668685953731428
130.9978733062744,4.642099002758284
130.99826622009277,4.615699786240225
130.99933695793152,4.5893658552646315
130.99933695793152,4.562884944593073
131.0003364086151,4.535803624184911
131.0003364086151,4.508251794800065
131.0003364086151,4.480051079947289
131.0013346672058,4.451363785009511
131.0013346672058,4.421885728822541
131.0013346672058,4.392802963552394
131.0023386478424,4.363501208744949
131.0023386478424,4.3346061918929
131.0023386478424,4.3050563889416225
131.0033357143402,4.275912331053615
131.0033357143402,4.24669307604131
131.00433707237244,4.197210597350954
131.00433707237244,4.119778174515527
131.00433707237244,4.039928863204818
131.0053355693817,3.957677702336038
131.0053355693817,3.87314298326303
131.0053355693817,3.786952149063809
131.00633645057678,3.698715263610738
131.00633645057678,3.6077202364096737
131.00633645057678,3.514034851482015
131.0073356628418,3.41682013520273
131.0073356628418,3.31753569337475
131.0083360671997,3.217661117864842
131.0083360671997,3.1162288874988735
131.0083360671997,3.012656872385922
131.0083360671997,2.9077577247659523
131.00933527946472,2.8011214403720976
131.00933527946472,2.692565204746905
131.01033568382263,2.5828580530840526
131.01033568382263,2.471847943587367
131.01033568382263,2.3605753596337014
142.38811349868774,2.4983123152348687
142.38811349868774,3.0288151011631714
142.38811349868774,3.531236744287218
142.38911247253418,3.9898272801863115
142.38911247253418,4.4055312285972965
142.38911247253418,4.782594061529522
142.3901138305664,5.09571533882165
142.3901138305664,5.379566126126841
142.39111280441284,5.630889374202672
142.39111280441284,5.848885352874891
142.39211297035217,6.039127608679005
142.39211297035217,6.207190138760253
142.39211297035217,6.350557953532297
142.39311265945435,6.481290228592494
142.39311265945435,6.594062013762501
142.3941125869751,6.689122725878976
142.3941125869751,6.771680827020459
142.39511251449585,6.839571644239471
142.39511251449585,6.89925128486087
142.39611291885376,6.946366677515626
142.39611291885376,6.981583576532973
142.39611291885376,7.005550690190236
142.3971128463745,7.02118030727934
142.3971128463745,7.02970457094319
142.39811277389526,7.03301723061452
142.39811277389526,7.032592039798551
142.39811277389526,7.028161748233589
142.3991138935089,7.018341132587619
142.3991138935089,7.006567105961478
142.3991138935089,6.991664465073512
142.4001121520996,6.973767042749408
142.4001121520996,6.951262614502435
142.4011127948761,6.927152502991675
142.4011127948761,6.9024867006336175
142.4011127948761,6.876776361498549
142.402113199234,6.849550388434642
142.402113199234,6.820943149560566
142.4031126499176,6.791831351291093
142.4031126499176,6.76266215270895
142.4031126499176,6.734266159803738
142.40411281585693,6.706336170101573
142.40411281585693,6.678511965184621
142.40411281585693,6.650407055395491
142.40411281585693,6.622913726708103
142.40511178970337,6.595278568447603
142.40511178970337,6.56853397207079
142.40611243247986,6.54267296403424
142.40611243247986,6.517376948456846
142.4071123600006,6.493283136712833
142.4071123600006,6.469921009606967
142.4071123600006,6.447529784320672
142.40811252593994,6.425852693422936
148.08727884292603,6.4047929515050965
148.0882065296173,6.384015975998301
148.08920621871948,6.3586968270065345
148.08920621871948,6.310748093572281
148.0902066230774,6.261590824921898
148.0902066230774,6.211114720843801
148.09120535850525,6.158281837962851
148.09120535850525,6.103355354922571
148.0922064781189,6.047183882984498
148.0922064781189,5.989814300275621
148.09320974349976,5.931030168688049
148.09320974349976,5.870646400492774
148.09420561790466,5.808829318179906
148.09420561790466,5.745670894400174
148.0952069759369,5.681105993539178
148.0952069759369,5.615159432945526
148.09620666503906,5.548062139897924
148.09720587730408,5.479921106710635
148.09720587730408,5.410788887831821
148.0982060432434,5.340586822234677
148.0982060432434,5.269495621342466
148.09920597076416,5.197529418202496
148.09920597076416,5.124752933322937
148.1002049446106,5.051146240237344
148.1002049446106,4.976915211469329
148.10120582580566,4.901793950487269
148.10120582580566,4.8260483533235075
148.10120582580566,4.749818714422498
148.1026451587677,4.673330810283477
148.1026451587677,4.596637137485201
148.10364842414856,4.5196827071327945
148.10414147377014,4.4425506614024535
148.10414147377014,4.3658884516434675
148.1051573753357,4.289483851337609
148.1051573753357,4.213093852746102
148.10645008087158,4.137184675618649
148.10645008087158,4.061773911465558
148.10645008087158,3.987476745460427
148.10745525360107,3.9142585092203137
148.10745525360107,3.842519616490706
148.10745525360107,3.772577529423746
148.1084542274475,3.704454360721686
148.1084542274475,3.6382568476464727
148.1084542274475,3.5748045897706437
148.1084542274475,3.5142767520870835
148.10945534706116,3.4569022641965517
148.1104576587677,3.4025640443734635
148.1104576587677,3.352072482061946
148.1104576587677,3.305672866420076
148.11145401000977,3.263477906830795
148.11145401000977,3.22539756024582
148.11145401000977,3.1915687502723324
148.11245441436768,3.161966374804672
148.11245441436768,3.137282006268955
148.11245441436768,3.1179546469420854
148.11345386505127,3.1042465604874163
148.11345386505127,3.095988206859829
148.11345386505127,3.09378711814793
153.77886080741882,3.098152479593268
153.77886080741882,3.1081539603518604
153.77978920936584,3.122564708536025
153.77978920936584,3.1434334034201044
153.78078818321228,3.169214931291157
153.78078818321228,3.2003621484625127
153.78178763389587,3.236562243230245
153.78178763389587,3.277146691623557
153.78178763389587,3.3218200264488402
153.7828013896942,3.3701397102924
153.7828013896942,3.4220665005109736
153.78379011154175,3.4773450506855665
153.78379011154175,3.535498638877826
153.78379011154175,3.595670058173481
153.78482389450073,3.6578163976935456
153.78482389450073,3.7214787397452866
153.7858283519745,3.786092133874877
153.7858283519745,3.852432978620972
153.7858283519745,3.9194059567725708
153.78682708740234,3.9872779739101336
153.78682708740234,4.056236811485419
153.78682708740234,4.124892573315648
153.7878279685974,4.195066183481466
153.7878279685974,4.265630924944135
153.7878279685974,4.33780802408342
153.78896236419678,4.41145144583371
153.78896236419678,4.487012266597628
153.78996992111206,4.564385834168709
153.78996992111206,4.641468252915587
153.78996992111206,4.718987162535302
153.79096913337708,4.758535027664392
153.79096913337708,4.786086722147884
153.7919692993164,4.815199748663336
153.7919692993164,4.846241385873563
153.7919692993164,4.878922375126348
153.79297137260437,4.91295406610589
153.79297137260437,4.948193843761602
153.79396986961365,4.984842639546869
153.79396986961365,5.022883213429864
153.79396986961365,5.062445604211601
153.79496932029724,5.1033068710216964
153.79496932029724,5.146091171995185
153.79496932029724,5.19028342504867
153.79596948623657,5.235723266541308
153.79596948623657,5.274511316944121
153.79596948623657,5.279963643898949
153.79735803604126,5.285626612665082
153.79735803604126,5.291599023819779
153.79836320877075,5.298272426105694
153.79836320877075,5.305642498620123
153.79836320877075,5.314452435605977
153.7993631362915,5.323497212523314
153.7993631362915,5.333887624589315
153.80036282539368,5.345316438239624
153.80036282539368,5.356983727435517
153.80036282539368,5.369122015348848
153.80136275291443,5.382958832850632
153.80136275291443,5.3971708892046415
153.80236339569092,5.413140137038656
159.4732403755188,5.430571685623596
159.47418642044067,5.450117797845668
159.47418642044067,5.4726017150488
159.47551131248474,5.496356146352339
159.4775767326355,5.523439199146327
159.4785270690918,5.554151814303103
159.47952461242676,5.590244883367724
159.48052287101746,5.632602781439311
159.48152327537537,5.686836785096288
159.4825246334076,5.758590082168766
159.4825246334076,5.851746537714264
159.48352193832397,5.978579627521715
159.48452162742615,6.156966553332537
159.48452162742615,6.44770330924252
159.48552131652832,7.006491603750742
159.48552131652832,7.104226072536421
159.48652005195618,7.17752665620443
159.48752069473267,7.248702415222661
159.48752069473267,7.317285104390349
159.48852157592773,7.38486584976172
159.48852157592773,7.450598469830451
159.4895215034485,7.513551897648599
159.4895215034485,7.574019442454515
159.49052047729492,7.632141701080038
165.1748251914978,2.344203783524788
165.1748251914978,2.4790266152314984
165.17599320411682,2.605741226635831
165.17599320411682,2.725863050223829
165.1769983768463,2.8386975442735767
165.1769983768463,2.945355288438044
165.1779980659485,3.044662643836693
165.1779980659485,3.1393106525846637
165.17899918556213,3.232273520322985
165.17899918556213,3.323263458057819
165.17899918556213,3.415248905564738
165.1799988746643,3.506598416555
165.1799988746643,3.595644754961865
165.1799988746643,3.684083812855245
165.1809983253479,3.7732157478446613
165.1809983253479,3.8611897005027234
165.1809983253479,3.946856743286834
165.18199849128723,4.0305719969033715
165.18199849128723,4.1138443543513485
165.18199849128723,4.195726643107319
165.18199849128723,4.277414706010303
165.183434009552,4.3585921750417205
165.183434009552,4.438727921599526
165.183434009552,4.5168946554637035
165.18443870544434,4.593141074113838
165.18443870544434,4.667528353256891
165.18443870544434,4.7402699322763615
165.18544030189514,4.810388653746263
165.18544030189514,4.8792799756851695
165.18643832206726,4.946371093385802
165.1874384880066,5.011468796557664
165.1874384880066,5.073832720869193
165.1874384880066,5.132876185501295
165.18843793869019,5.189150514182093
165.18843793869019,5.242556724502491
165.18943786621094,5.2931972592274645
165.18943786621094,5.341625378520481
165.18943786621094,5.3875628710307755
170.85504031181335,5.431074442348792
170.856041431427,5.471623986597209
170.856041431427,5.508920202380851
170.856041431427,5.543716460094464
170.85742044448853,5.577129875289363
170.85742044448853,5.608768215766974
170.85842561721802,5.637887310063258
170.85842561721802,5.665460708645068
170.85842561721802,5.691953022918887
170.85842561721802,5.716962514966807
170.85978507995605,5.740079528603216
170.85978507995605,5.751597006649974
170.85978507995605,5.73838243236788
170.85978507995605,5.724990627590179
170.86111497879028,5.711555982682725
170.86111497879028,5.697712861356407
170.86211967468262,5.683435038032465
170.86211967468262,5.668761614800072
170.86311984062195,5.653849263100294
170.86311984062195,5.638605220841895
170.86311984062195,5.623330041637114
170.86411952972412,5.607900208091
170.86411952972412,5.592276633876968
170.86511993408203,5.576387640847539
170.86511993408203,5.557167611972017
170.86612010002136,5.535443684851183
170.86612010002136,5.513549863789295
170.86612010002136,5.4916317355871005
170.86758184432983,5.469629427152263
170.86758184432983,5.439951167917297
170.8685863018036,5.370043611074975
170.8685863018036,5.297180019662548
170.8685863018036,5.221297534753783
170.86993384361267,5.142299793765354
170.86993384361267,5.060112814046457
170.86993384361267,4.974679599494538
170.870938539505,4.885787938066569
170.870938539505,4.79339472745675
170.870938539505,4.697533722737696
170.87194061279297,4.598064918514627
170.87194061279297,4.494911556515075
170.87194061279297,4.38802296310742
170.8729383945465,4.277361682008278
170.87393832206726,4.162927607176275
170.87393832206726,4.044786421751553
170.8749384880066,3.923023413492319
170.8749384880066,3.7977248613179873
170.8749384880066,3.668903225950019
170.87593793869019,3.5365758752834595
170.87593793869019,3.4008745964629843
170.87593793869019,3.261698220617892
170.87693810462952,3.118714771756256
170.87693810462952,2.97218097730428
170.877938747406,2.8221790959341457
170.877938747406,2.6688916869175974
170.877938747406,2.512364203865359
170.87918901443481,2.3525798120947967
193.64564967155457,2.461749416305665
193.64564967155457,2.590557326549634
193.64564967155457,2.7152480746907393
193.6469440460205,2.838627161276712
193.6469440460205,2.9598720693547866
193.64794945716858,3.0783525967988377
193.64794945716858,3.1939186855555914
193.64894890785217,3.306152454253503
193.64894890785217,3.4156469450759372
193.64894890785217,3.522575970668478
193.6501603126526,3.6261515143033933
193.6501603126526,3.7259882924135557
193.65116596221924,3.822930910088894
193.65116596221924,3.918043513832576
193.65216541290283,4.0106480249036816
193.65216541290283,4.100813611676242
193.65316581726074,4.188587918614832
193.65316581726074,4.273560982184861
193.6541657447815,4.356107152672382
193.6541657447815,4.436435846661706
193.6541657447815,4.514956555883817
193.65521097183228,4.591204668490462
193.65521097183228,4.665793739525391
193.65616703033447,4.737678992181599
193.65616703033447,4.807041896536035
193.65616703033447,4.87409587715392
193.6571660041809,4.939247063328159
193.6571660041809,5.002069732150776
193.65816593170166,5.06239871279335
193.65816593170166,5.120600950444904
193.65816593170166,5.176783829501257
193.65939092636108,5.231224579800865
193.65939092636108,5.283967283148416
193.66039538383484,5.277224957803867
193.66039538383484,5.247345613606791
193.6613953113556,5.216600594174592
193.66239595413208,5.185105387749963
193.66239595413208,5.152872409845654
193.66339588165283,5.119624297395623
193.66339588165283,5.085253002621957
193.66339588165283,5.050062870848324
193.66472935676575,5.01401964901952
193.66472935676575,4.977228856049531
199.33242654800415,4.939560239422295
199.33336305618286,4.900809522888921
199.33336305618286,4.860917037957829
199.3343460559845,4.819796147971829
199.3343460559845,4.77745482293549
199.33534479141235,4.733753808915353
199.33534479141235,4.688627065339611
199.33634757995605,4.642024873113776
199.33634757995605,4.593993017991669
199.33634757995605,4.54445676971067
199.33734583854675,4.49336639564319
199.33734583854675,4.4407827199574745
199.33834600448608,4.38658082448131
199.33834600448608,4.330669061764994
199.33834600448608,4.273073455387644
199.33934617042542,4.213795431223194
199.33934617042542,4.152822410919579
199.340345621109,4.090290491644541
199.340345621109,4.026064132563435
199.34134674072266,3.960106853512709
199.34134674072266,3.8924148326465353
199.34134674072266,3.8229756132680555
199.34234523773193,3.7517680271939007
199.34234523773193,3.6787974524997487
199.34234523773193,3.604158375454842
199.34334564208984,3.527983818417388
199.34334564208984,3.4503880856205047
199.34434580802917,3.371402596153277
199.34434580802917,3.291254517602492
199.34434580802917,3.2100131896321518
199.34534525871277,3.1274449251538354
199.34534525871277,3.0434973043204745
199.3463454246521,2.9580539560878805
199.3463454246521,2.870779102476603
199.3463454246521,2.7815828432608867
199.34734559059143,2.6902655753716447
199.34734559059143,2.5968887491236177
199.3483464717865,2.4974391721326703
216.42614889144897,2.4052266193193095
216.42715001106262,2.520824642008781
216.42715001106262,2.6374583078518423
216.42715001106262,2.7549778883679075
216.42814922332764,2.8732424614058334
216.42814922332764,2.9920983874891136
216.42814922332764,3.1113891175342188
216.42814922332764,3.230907492606245
216.42914819717407,3.3504909405465426
216.42914819717407,3.469944895478972
216.43014931678772,3.58906800687803
216.43014931678772,3.707600639607393
216.43014931678772,3.8253793361458324
216.43114948272705,3.9422170915375054
216.43114948272705,4.057906897444181
216.43214893341064,4.172281634096627
216.43214893341064,4.285191892079487
216.43214893341064,4.39638908075006
216.43214893341064,4.505637463313123
216.43314838409424,4.6126780957484765
216.43314838409424,4.717365664501278
216.4341492652893,4.8195123051004245
216.4341492652893,4.918892647179692
216.43515014648438,5.015293278532294
216.43515014648438,5.1085678918402735
216.43515014648438,5.198528797460085
216.43614983558655,5.285032034287788
216.43614983558655,5.367967497865499
216.43614983558655,5.44725582117184
216.43715023994446,5.522829921992418
222.11605954170227,5.594641854924611
222.11605954170227,5.662660265586869
222.11706066131592,5.708897264153974
222.11706066131592,5.743306678648896
222.11706066131592,5.775876243053724
222.1180601119995,5.806593163690366
222.1180601119995,5.835349556664104
222.1190629005432,5.862157120755073
222.12006163597107,5.88683477819507
222.12006163597107,5.908983550073024
222.12006163597107,5.9285252442155665
222.12106132507324,5.945644750709604
222.12106132507324,5.96026379605344
222.12306213378906,5.972237910493811
222.12306213378906,5.981536783745753
222.12406039237976,5.988501587085823
222.12506079673767,5.993247624770574
222.12606072425842,5.996056345431719
222.1270616054535,5.997163444702242
222.1270616054535,5.9961224503774435
222.12806248664856,5.992797443087793
222.12906217575073,5.9473701771979615
222.12906217575073,5.859477719115862
222.13006210327148,5.760875443124925
222.13106107711792,5.65006732900492
222.13106107711792,5.525706384291969
222.13306093215942,5.386299133644768
222.1350610256195,5.230980506166198
222.13606214523315,5.058794294959941
222.13606214523315,4.868717916103747
222.137060880661,4.660179862716631
222.137060880661,4.431420633471297
222.13851928710938,4.180981336306786
222.13851928710938,3.9065362571534266
222.13851928710938,3.608652631299304
222.13952541351318,3.2890867100898675
222.13952541351318,2.9466002836613914
222.14052367210388,2.5839786838707828
227.82566571235657,2.568541684653699
227.82666730880737,2.935661865259674
227.82666730880737,3.2881449583359013
227.82666730880737,3.6289129708495618
227.82766675949097,3.961894402235509
227.82766675949097,4.287981073502584
227.82766675949097,4.605323103571004
227.82910680770874,4.911781949977762
227.82910680770874,5.205898662893552
227.82910680770874,5.484135562073632
227.83011841773987,5.749197226710349
227.83011841773987,6.00150189148834
227.83011841773987,6.241683102164851
227.83111572265625,6.469013174662182
227.83111572265625,6.682084471680872
227.83111572265625,6.878626062826576
227.83260989189148,7.052988554660988
227.83260989189148,7.192105095428241
227.83260989189148,7.324348082954694
227.83361434936523,7.451126073020203
227.83361434936523,7.57318267815028
227.83361434936523,7.691177458094238
233.50274276733398,7.803867362340494
233.5037395954132,7.912943851353937
233.5037395954132,8.018623492781733
233.50473856925964,8.12707528305025
233.50473856925964,8.23735808563926
233.50574898719788,8.349017019746492
233.50574898719788,8.46348626466909
233.50674772262573,8.580152056370842
233.50674772262573,8.70022072189019
233.50773668289185,8.826662892170988
233.50773668289185,8.9588646421694
233.5087332725525,9.097306158505166
233.50974130630493,9.242052967676202
233.50974130630493,9.392241434370355
233.51074123382568,9.547664225158861
233.51074123382568,9.703744872593917
233.51074123382568,9.857324048420729
233.51175355911255,10.00349227808603
233.5127398967743,10.137295462201545
233.5127398967743,10.25393837759422
233.51372241973877,10.352249491487887
233.51372241973877,10.429780585929398
233.51474285125732,10.487366584857194
233.51474285125732,10.52725196881518
233.51575660705566,10.55173506678258
233.51575660705566,10.563938244664227
233.51675057411194,10.558422479460653
233.51773285865784,10.545847743407833
233.51773285865784,10.52748807326981
233.51866459846497,10.508266054648285
233.51866459846497,10.487344284304436
233.51973724365234,10.466305174150731
233.51973724365234,10.443813710949764
233.520742893219,10.419580802579437
233.520742893219,10.393886389220368
233.520742893219,10.36676132330412
233.5217363834381,10.338864155027238
233.5217363834381,10.310708106135603
233.5226776599884,10.281537906666664
233.5226776599884,10.252325990854137
233.52374505996704,10.223316528922116
233.52374505996704,10.19180513731594
233.5247619152069,10.159371075375443
233.5247619152069,10.126869813692933
233.5247619152069,10.092581763957769
233.5257351398468,10.056911093653685
233.5257351398468,10.02050346852834
233.5257351398468,9.982449457922142
233.52673602104187,9.94313408524136
233.52673602104187,9.902740409878652
233.52773141860962,9.86082136862311
233.52773141860962,9.817737364136526
233.52773141860962,9.773325508381587
233.5287380218506,9.72752678271374
233.5287380218506,9.680596079453748
233.5287380218506,9.632370163479585
233.5297441482544,9.582979832300378
233.5297441482544,9.532338236811343
233.5297441482544,9.48030343838442
239.20312404632568,9.426824215838144
239.20312404632568,9.371928811662647
239.20416855812073,9.315704315014091
239.20416855812073,9.25807914863745
239.20512509346008,9.199027759285693
239.20512509346008,9.138440189961134
239.20512509346008,9.076496258888419
239.20616555213928,9.013119699225228
239.20616555213928,8.948268105321635
239.20712447166443,8.881962664817383
239.20712447166443,8.814133534915223
239.20812344551086,8.744888454044183
239.20812344551086,8.674096715908263
239.20912551879883,8.601670974071533
239.20912551879883,8.527476999337342
239.2101240158081,8.451392040860947
239.21112442016602,8.373372829804664
239.21112442016602,8.293443368297044
239.21212482452393,8.211763711921924
239.21212482452393,8.128026954857297
239.21212482452393,8.042234210820007
239.21312403678894,7.953866447867435
239.21412587165833,7.862530138320942
239.21412587165833,7.767815868025286
239.21512413024902,7.669439298864603
239.21512413024902,7.5672555166343916
239.2161247730255,7.46056674604244
239.2161247730255,7.349019352741715
239.21712374687195,7.233019475216079
239.21712374687195,7.112720224435121
239.21812462806702,6.96438864457663
239.21812462806702,6.777410285559325
239.21912550926208,6.596720889576444
239.21912550926208,6.422168191117396
239.22012495994568,6.25653049037707
239.22012495994568,6.098132510167359
239.22012495994568,5.946469791292766
239.22117161750793,5.797717030613668
239.22212505340576,5.654551608342613
239.22212505340576,5.516258531886288
239.22212505340576,5.3825058250522
239.22312378883362,5.254809371573897
239.22312378883362,5.13212664454993
239.22412848472595,5.014117940139806
239.22412848472595,4.901328612929076
239.22412848472595,4.792881824008376
239.22512459754944,4.69027675014016
239.22512459754944,4.593435183027293
239.22612476348877,4.501002980339656
239.22712469100952,4.412497619839541
239.22712469100952,4.328618268277909
239.22712469100952,4.250333800325666
239.2281243801117,4.177837339239724
239.2281243801117,4.111888870490176
239.2281243801117,4.0528750947621885
239.2291235923767,4.000111959695539
239.2291235923767,3.953338940700284
239.2291235923767,3.9123170658186606
244.8940417766571,3.8733883850272455
244.89504432678223,3.83649717326717
244.89604449272156,3.803119555682649
244.89604449272156,3.7715013208246813
244.89604449272156,3.738785709068492
244.89604449272156,3.708304308662467
244.8975269794464,3.6808997359433597
244.8975269794464,3.6580867893013886
244.898530960083,3.642280252215378
244.898530960083,3.630319337583887
244.89952993392944,3.623987205968187
244.89952993392944,3.6206394390980003
244.900532245636,3.6196635978639904
244.900532245636,3.6194880454326332
244.900532245636,3.620854234598729
244.90153169631958,3.6227270992297687
244.90153169631958,3.625499931167201
244.90253114700317,3.630778217929713
244.90253114700317,3.634819489227141
244.90353178977966,3.639704200244356
244.90353178977966,3.644399925921662
244.904531955719,3.6493591863730557
244.904531955719,3.655191049360505
244.904531955719,3.663567597335391
244.90553164482117,3.673835924595117
244.90553164482117,3.687237474187797
244.90653109550476,3.7033243427735916
244.90653109550476,3.72173463866951
244.90753149986267,3.74147006005687
244.90753149986267,3.7630472023785377
244.90853142738342,3.787410204034299
244.90853142738342,3.8162672785326315
244.9095323085785,3.84894469372966
244.9095323085785,3.883155162976308
244.9105315208435,3.9137344672490224
244.9105315208435,3.9210183033343045
244.9105315208435,3.8316604112130186
244.91153764724731,3.7418751965169954
244.91153764724731,3.6537279450615614
244.91253328323364,3.5666919295104114
244.91353225708008,3.4773966856476934
244.91353225708008,3.3855977066713017
244.91453099250793,3.29057474357054
244.91453099250793,3.195144185830019
244.91553235054016,3.0985036556954175
244.91553235054016,2.997758282266043
244.91653180122375,2.8935985705337472
244.91653180122375,2.7860325964362715
244.91653180122375,2.680676632294087
244.9175319671631,2.577880699867681
244.91853165626526,2.481058499824872
244.91853165626526,2.3884674904050054
250.61681079864502,2.372203266997505
250.6179268360138,2.4473059505926105
250.6183261871338,2.524710319993267
250.6183261871338,2.604114387665468
250.61933612823486,2.685916474753921
250.61933612823486,2.769998468658817
250.62033534049988,2.8564562481519484
250.62033534049988,2.945405235973611
250.62133526802063,3.0360124730944533
250.62133526802063,3.1289614388514098
250.62233877182007,3.2233311225032217
250.62233877182007,3.3191333032548846
250.62233877182007,3.4158556478440047
250.6233425140381,3.5130964928979425
250.6233425140381,3.610691351526008
250.62434339523315,3.70840559925349
250.62434339523315,3.805259502240161
250.62534308433533,3.9011005241459573
250.62534308433533,3.9962829615316253
250.62634325027466,4.091483966405245
250.62634325027466,4.186903992822724
250.62634325027466,4.280132317567829
250.62734270095825,4.370372194222772
250.62734270095825,4.45705147706407
250.62734270095825,4.543684601982513
250.628342628479,4.6298543678575435
250.628342628479,4.7146888636440805
250.6293432712555,4.796902753722549
250.6293432712555,4.876228973786202
250.6303424835205,4.95168556473003
250.6303424835205,5.023323303462567
256.2804160118103,5.089783378512641
256.2804160118103,5.1534685312400885
256.2814157009125,5.216221654305705
256.2814157009125,5.27725869096357
256.2824156284332,5.3353502792194565
256.2824156284332,5.390904580895935
256.2834143638611,5.4424958481566925
256.2834143638611,5.490120668109652
256.2844150066376,5.53457798625035
256.2844150066376,5.542517245771106
256.2844150066376,5.505437075906885
256.28541469573975,5.4660646805009625
256.28641533851624,5.4240837231012895
256.28641533851624,5.378865139004134
256.28641533851624,5.3302441922553925
256.2874159812927,5.277846378087921
256.2874159812927,5.221395399688503
256.2884154319763,5.161309296454203
256.2884154319763,5.0963827734283935
256.2884154319763,5.025352395329622
256.2894148826599,4.950240682866111
256.2894148826599,4.874074347012337
256.2904155254364,4.793764196874115
256.2904155254364,4.7085120630178245
256.2914168834686,4.617004538259632
256.2914168834686,4.52107850039726
256.2914168834686,4.422379592398586
256.2924165725708,4.321035369763202
256.2924165725708,4.21702517760854
256.2934150695801,4.109541906010863
256.2934150695801,3.9983053726572138
256.2934150695801,3.8830316075941265
256.2944145202637,3.7671970890100113
256.2944145202637,3.6555973185741983
256.2954156398773,3.543468419005847
256.2954156398773,3.429077777446637
256.29641556739807,3.311815310757617
256.29641556739807,3.19137004072147
256.29641556739807,3.068190131757973
256.2974143028259,2.942731805876042
256.2974143028259,2.8166073716518762
256.2974143028259,2.6903192126642463
256.2984142303467,2.563826204367334
256.2984142303467,2.4379553415054693
273.3800528049469,2.672131755164452
273.3810832500458,3.088829570625649
273.3810832500458,3.4638297889571095
273.38215684890747,3.8047286644504537
273.38215684890747,4.116344485693393
273.38215684890747,4.40236972315311
273.3831295967102,4.665858216339799
273.3831295967102,4.909519315944831
273.3840522766113,5.135633447897636
273.3840522766113,5.345774377369114
273.3850531578064,5.54124143492479
273.3850531578064,5.722895699034792
273.3850531578064,5.891608931849492
273.38606309890747,6.047906521512264
273.38606309890747,6.191980907907127
273.38705945014954,6.3240984247408
273.38705945014954,6.445025377572184
273.38705945014954,6.539711150454217
273.38705945014954,6.602589006744218
273.3880512714386,6.668508053304352
273.3880512714386,6.737563604938979
273.3890516757965,6.80980442044145
273.3890516757965,6.883962487319763
273.39005851745605,6.961844653707374
273.39005851745605,7.128639656577807
273.39005851745605,7.521666747447737
273.3910574913025,7.691568135987148
273.3910574913025,7.764059164153339
273.3910574913025,7.785926765924073
273.392050743103,7.776522640528745
273.392050743103,7.746385415750813
273.39305114746094,7.704849542681523
273.39305114746094,7.512051576731691
273.39305114746094,7.252591543498454
273.3940508365631,6.98862939092813
273.3940508365631,6.703231046017037
273.3940508365631,6.409624949866238
273.3950583934784,6.107136894395901
273.3950583934784,5.7975871109097055
273.3950583934784,5.479633116113987
273.39605808258057,5.157636898046634
273.39605808258057,4.8397907824391115
279.06590509414673,4.52705079189699
279.0669059753418,4.221253690255658
279.0669059753418,3.9307559430132866
279.06790494918823,3.6554205291216713
279.06790494918823,3.3904180606573586
279.06790494918823,3.1371829003723812
279.0689046382904,2.899087197636854
279.0689046382904,2.677256190739508
279.0699055194855,2.4707755414461308
284.7767424583435,2.4288532791809048
284.77774238586426,2.578918382128723
284.77774238586426,2.7308388521335862
284.77774238586426,2.8832088913223557
284.77874088287354,3.03563684401446
284.77874088287354,3.187631760992492
284.77975273132324,3.3396161290169224
284.77975273132324,3.4854840941038585
284.77975273132324,3.622573859622389
284.78074169158936,3.76059857235151
284.78074169158936,3.8990585481974604
284.78074169158936,4.037132285278787
284.7817552089691,4.174328919066069
284.7817552089691,4.31070208289807
284.7827413082123,4.445837167798395
284.7827413082123,4.579002626404268
290.4590539932251,4.709628617591021
290.459912776947,4.83738237533421
290.4609236717224,4.962627231629909
290.4609236717224,5.084898041074247
290.4619228839874,5.204296366528079
290.4619228839874,5.320485684667742
290.4619228839874,5.432450753126803
290.4629375934601,5.539541356841731
290.4629375934601,5.6419372310836176
290.46392250061035,5.739463158153457
290.46392250061035,5.832487814407759
290.46392250061035,5.920837508015135
290.46492171287537,6.004561176502442
290.46492171287537,6.083189279251351
290.4659230709076,6.156759806613161
290.4659230709076,6.225428643897474
290.46692299842834,6.289557934753354
290.46692299842834,6.349109410835126
290.46692299842834,6.404241388978743
290.4679214954376,6.455234721333299
290.4679214954376,6.502347988630116
290.4679214954376,6.545725642808453
290.46892189979553,6.58497241765951
290.46892189979553,6.620104106993076
290.4699227809906,6.651197224260971
290.4699227809906,6.678681900976111
290.4709222316742,6.702762017048468
290.4709222316742,6.7237663675611135
290.4709222316742,6.742108347034517
290.47192192077637,6.757785439779621
290.47192192077637,6.770800716983213
290.47192192077637,6.777022948403941
290.4729218482971,6.776266687681201
290.4729218482971,6.773791138234675
290.4729218482971,6.7691407323622
290.4739224910736,6.763169478996564
290.4739224910736,6.755620735293275
290.4739224910736,6.746230199421348
290.47492504119873,6.735220655710544
290.47492504119873,6.722035212863981
290.47492504119873,6.703435258101643
290.4759225845337,6.676379089348778
290.4759225845337,6.645862838146859
290.4759225845337,6.611496124802177
290.4769220352173,6.573230747008604
290.4769220352173,6.53034483745594
290.4779236316681,6.4833198730493296
290.4779236316681,6.431856019505707
290.4779236316681,6.37617606400392
290.4789228439331,6.315513890921833
290.4789228439331,6.250275440603317
290.4789228439331,6.180407391057338
290.4799244403839,6.105292214115223
290.4799244403839,6.026023175437049
290.4799244403839,5.941537358263644
290.4809241294861,5.8520097086547676
290.4809241294861,5.757370790217249
290.4819235801697,5.657671966631435
296.1580955982208,5.553276619593199
296.1580955982208,5.444495162454592
296.1590909957886,5.33136975545405
296.1590909957886,5.214006992069409
296.1590909957886,5.093259712715381
296.16009044647217,4.9665530894587295
296.16009044647217,4.834492812339198
296.16009044647217,4.698718663266549
296.16109013557434,4.559586411784516
296.16109013557434,4.416450116802751
296.16109013557434,4.2700311994584865
296.1620900630951,4.121007259034091
296.1620900630951,3.9698580644561203
296.1620900630951,3.815410485460701
296.16308999061584,3.659103105857187
296.16308999061584,3.503497140686228
296.16308999061584,3.347668366465068
296.164089679718,3.1905159914882875
296.164089679718,3.032495668682039
296.1650903224945,2.8727300854028863
296.1650903224945,2.7126059829843605
296.1650903224945,2.5532936815035066
296.1660907268524,2.395627376289258
301.86583185195923,2.3884962334137385
301.8668313026428,2.5416909907080654
301.8668313026428,2.6951337656493766
301.8668313026428,2.8475850153582645
301.8678386211395,2.996603794502225
301.8678386211395,3.1417484964040074
301.8688311576843,3.284644061249772
301.8688311576843,3.4237325601249036
301.8688311576843,3.5573541754912466
301.8718340396881,3.6853852158218485
301.8728356361389,3.80705591650101
301.8738362789154,3.9219430812007854
301.87583684921265,4.031930029695031
301.87683606147766,4.138030262336659
301.8778338432312,4.240516830678255
301.8788332939148,4.339032763524523
301.87983298301697,4.432436521180016
301.88083386421204,4.521946968416461
301.88083386421204,4.606320076555951
301.8818337917328,4.686959177901156
301.8828339576721,4.765169317542606
301.88383412361145,4.845055273873708
301.88383412361145,4.923757996200352
301.88483142852783,4.999122298230512
301.88583183288574,5.071034816348144
301.88683247566223,5.139698447371977
301.887832403183,5.204533347173386
301.8888339996338,5.265574692330699
301.8888339996338,5.252419394042434
301.8908340930939,5.22939586047845
301.8918330669403,5.205602191510813
301.8918330669403,5.181074759681458
301.8928322792053,5.155821630857846
301.8938329219818,5.129845429392813
301.8958783149719,5.102827371026828
301.89683270454407,5.070136130910881
301.897896528244,5.025030606090769
307.54330492019653,4.976714807077614
307.54330492019653,4.92512830254311
307.54431319236755,4.869900100191193
307.54431319236755,4.812240512751552
307.54431319236755,4.751972145980792
307.545738697052,4.688003298480681
307.545738697052,4.620799918053745
307.545738697052,4.549803144515744
307.5467441082001,4.475221485824109
307.5467441082001,4.396826598193039
307.5467441082001,4.3147317815703845
307.54781699180603,4.229119848704974
307.54781699180603,4.140205238223686
307.54781699180603,4.047379394731918
307.5488221645355,3.9505770935948483
307.5488221645355,3.8497373944533826
307.5488221645355,3.7455454950715543
307.5501477718353,3.6383047601005787
307.5501477718353,3.52829280177299
307.5501477718353,3.4144992657930127
307.55114555358887,3.297590625325698
307.55114555358887,3.176982836499687
307.55114555358887,3.053322375931249
307.55214524269104,2.9260138964615297
307.55214524269104,2.7955350167115234
307.55214524269104,2.661581773770868
307.553147315979,2.5247873653539474
307.553147315979,2.3844931091966193
324.66232109069824,2.35175162149965
324.6633200645447,2.4371563063950337
324.6633200645447,2.522911729755718
324.66432070732117,2.6091589742935852
324.66432070732117,2.695302543597602
324.6653206348419,2.7818029357023115
324.6653206348419,2.868383396997131
324.66632866859436,2.955186401748531
324.66632866859436,3.0415559722738497
324.667320728302,3.127173487755132
324.667320728302,3.213038379678721
324.667320728302,3.29806411942095
324.667320728302,3.3819457526218017
324.66831970214844,3.464634073920397
324.66831970214844,3.5466201341350962
324.6693329811096,3.627672051771543
324.6703233718872,3.707483464258349
324.6713216304779,3.7867950783429527
324.6713216304779,3.8644770876333716
324.6713216304779,3.939647306431398
324.67231965065,4.011326933892956
324.67231965065,4.07917796433281
324.67231965065,4.144353368142892
324.67432498931885,4.207843652086267
324.67432498931885,4.271048689383466
324.67532110214233,4.332821426572071
324.67532110214233,4.393866569381803
330.3288848400116,4.453588889219438
330.3298830986023,4.511612758418697
330.3308792114258,4.566557850203895
330.3308792114258,4.550521905854429
330.3318815231323,4.495698452805948
330.3328833580017,4.439114771091404
330.3328833580017,4.3802260150163255
330.3338785171509,4.31875188246313
330.3338785171509,4.25658199219882
330.3338785171509,4.192655617373438
330.33487844467163,4.125071085626653
330.33487844467163,4.054349660470128
330.33587861061096,3.981922426512395
330.33587861061096,3.9081131964719216
330.3368806838989,3.8325063079704575
330.3368806838989,3.7549422417331186
330.3368806838989,3.674340013559854
330.3378791809082,3.588986971187839
330.3378791809082,3.499493089238799
330.3378791809082,3.407223454969212
330.33910632133484,3.314957852355495
330.34011006355286,3.2203078217181433
330.34011006355286,3.1201061107091093
330.34011006355286,3.015161651412316
330.3411121368408,2.908694242158024
330.3411121368408,2.798133367573794
330.3411121368408,2.684476250173632
330.3421287536621,2.570276744667771
330.34311151504517,2.454714493067201
