Time,Data Set 1:Force(N),bpm
0,4.770042419,9.748171806
0.1,5.002548218,
0.2,5.281044006,
0.3,5.373023987,
0.4,5.495666504,
0.5,5.595306396,
0.6,5.643852234,
0.7,5.697509766,
0.8,5.77671051,
0.9,5.866142273,
1,5.919792175,
1.1,5.932571411,
1.2,5.889137268,
1.3,5.784378052,
1.4,5.613197327,
1.5,5.424125671,
1.6,5.255493164,
1.7,5.122634888,
1.8,5.020431519,
1.9,4.905456543,
2,4.803260803,
2.1,4.739387512,
2.2,4.690841675,
2.3,4.637184143,
2.4,4.616744995,
2.5,4.632072449,
2.6,4.64995575,
2.7,4.665290833,
2.8,4.678062439,
2.9,4.68572998,
3,4.678062439,
3.1,4.637184143,
3.2,4.616744995,
3.3,4.64995575,
3.4,4.724052429,
3.5,4.826255798,
3.6,4.925895691,
3.7,5.02809906,
3.8,5.143074036,
3.9,5.235054016,
4,5.31426239,
4.1,5.413902283,
4.2,5.528877258,
4.3,5.63874054,
4.4,5.728172302,
4.5,5.784378052,
4.6,5.761383057,
4.7,5.623413086,
4.8,5.467559814,
4.9,5.311706543,
5,5.212059021,
5.1,5.122634888,
5.2,5.022987366,
5.3,4.923347473,
5.4,4.826255798,
5.5,4.764930725,
5.6,4.711280823,
5.7,4.644851685,
5.8,4.624412537,
5.9,4.621856689,
6,4.629516602,
6.1,4.644851685,
6.2,4.657623291,
6.3,4.66784668,
6.4,4.688285828,
6.5,4.670402527,
6.6,4.637184143,
6.7,4.64995575,
6.8,4.706169128,
6.9,4.803260803,
7,4.920791626,
7.1,5.038322449,
7.2,5.178840637,
7.3,5.332145691,
7.4,5.411346436,
7.5,5.431785583,
7.6,5.480331421,
7.7,5.556983948,
7.8,5.620857239,
7.9,5.677070618,
8,5.740943909,
8.1,5.8227005,
8.2,5.894241333,
8.3,5.914680481,
8.4,5.868690491,
8.5,5.769050598,
8.6,5.659187317,
8.7,5.546760559,
8.8,5.434341431,
8.9,5.329589844,
9,5.252937317,
9.1,5.166069031,
9.2,5.053649902,
9.3,4.959114075,
9.4,4.874801636,
9.5,4.795593262,
9.6,4.724052429,
9.7,4.662734985,
9.8,4.634628296,
9.9,4.63973999,
10,4.619300842,17.27861786
10.1,4.578422546,
10.2,4.573310852,
10.3,4.586082458,
10.4,4.591194153,
10.5,4.596305847,
10.6,4.609077454,
10.7,4.66784668,
10.8,4.78792572,
10.9,4.90801239,
11,5.02809906,
11.1,5.14818573,
11.2,5.24016571,
11.3,5.334701538,
11.4,5.431785583,
11.5,5.533988953,
11.6,5.648963928,
11.7,5.715393066,
11.8,5.68473053,
11.9,5.608085632,
12,5.528877258,
12.1,5.457336426,
12.2,5.385795593,
12.3,5.306594849,
12.4,5.237609863,
12.5,5.163513184,
12.6,5.038322449,
12.7,4.913124084,
12.8,4.828811646,
12.9,4.744491577,
13,4.660179138,
13.1,4.601417542,
13.2,4.568199158,
13.3,4.555427551,
13.4,4.563087463,
13.5,4.563087463,
13.6,4.560531616,
13.7,4.575866699,
13.8,4.591194153,
13.9,4.59375,
14,4.603965759,
14.1,4.644851685,
14.2,4.721496582,
14.3,4.818588257,
14.4,4.892684937,
14.5,4.976997375,
14.6,5.081756592,
14.7,5.183952332,
14.8,5.293815613,
14.9,5.421569824,
15,5.585090637,
15.1,5.717948914,
15.2,5.756271362,
15.3,5.728172302,
15.4,5.679626465,
15.5,5.636192322,
15.6,5.590202332,
15.7,5.521217346,
15.8,5.429237366,
15.9,5.344917297,
16,5.275932312,
16.1,5.217170715,
16.2,5.112411499,
16.3,4.987220764,
16.4,4.90801239,
16.5,4.851806641,
16.6,4.800704956,
16.7,4.74193573,
16.8,4.672950745,
16.9,4.614189148,
17,4.583526611,
17.1,4.545204163,
17.2,4.486442566,
17.3,4.458335876,
17.4,4.47366333,
17.5,4.51965332,
17.6,4.598861694,
17.7,4.701057434,
17.8,4.828811646,
17.9,4.987220764,
18,5.150741577,
18.1,5.219726563,
18.2,5.199287415,
18.3,5.143074036,
18.4,5.063865662,
18.5,5.017875671,
18.6,5.033210754,
18.7,5.089416504,
18.8,5.127746582,
18.9,5.155845642,
19,5.189064026,
19.1,5.237609863,
19.2,5.283599854,
19.3,5.25038147,
19.4,5.189064026,
19.5,5.150741577,
19.6,5.153297424,
19.7,5.206947327,
19.8,5.275932312,
19.9,5.37046814,
20,5.459892273,18.13297462
20.1,5.556983948,
20.2,5.585090637,
20.3,5.406242371,
20.4,5.171180725,
20.5,5.022987366,
20.6,4.913124084,
20.7,4.81603241,
20.8,4.716392517,
20.9,4.603965759,
21,4.455780029,
21.1,4.282035828,
21.2,4.144065857,
21.3,4.105743408,
21.4,4.167060852,
21.5,4.20539093,
21.6,4.200279236,
21.7,4.197723389,
21.8,4.172172546,
21.9,4.126182556,
22,4.077636719,
22.1,3.998435974,
22.2,3.911567688,
22.3,3.886016846,
22.4,3.878349304,
22.5,3.847686768,
22.6,3.822135925,
22.7,3.811920166,
22.8,3.819587708,
22.9,3.842582703,
23,3.875793457,
23.1,3.9192276,
23.2,3.939666748,
23.3,3.939666748,
23.4,3.985656738,
23.5,4.090415955,
23.6,4.179840088,
23.7,4.256492615,
23.8,4.363800049,
23.9,4.481330872,
24,4.588638306,
24.1,4.693397522,
24.2,4.798149109,
24.3,4.887573242,
24.4,4.961669922,
24.5,5.035766602,
24.6,5.097084045,
24.7,5.171180725,
24.8,5.229942322,
24.9,5.245277405,
25,5.204391479,
25.1,5.150741577,
25.2,5.091972351,
25.3,5.015327454,
25.4,4.925895691,
25.5,4.836471558,
25.6,4.739387512,
25.7,4.614189148,
25.8,4.496658325,
25.9,4.409790039,
26,4.340805054,
26.1,4.287147522,
26.2,4.246269226,
26.3,4.213050842,
26.4,4.200279236,
26.5,4.182395935,
26.6,4.144065857,
26.7,4.115966797,
26.8,4.118522644,
26.9,4.133850098,
27,4.141517639,
27.1,4.146621704,
27.2,4.149177551,
27.3,4.169616699,
27.4,4.200279236,
27.5,4.195167542,
27.6,4.167060852,
27.7,4.167060852,
27.8,4.177284241,
27.9,4.197723389,
28,4.243713379,
28.1,4.320365906,
28.2,4.417457581,
28.3,4.534980774,
28.4,4.655067444,
28.5,4.749603271,
28.6,4.83391571,
28.7,4.913124084,
28.8,4.964225769,
28.9,5.017875671,
29,5.091972351,
29.1,5.178840637,
29.2,5.2682724,
29.3,5.355140686,
29.4,5.398574829,
29.5,5.383247375,
29.6,5.329589844,
29.7,5.255493164,
29.8,5.191619873,
29.9,5.122634888,
30,5.040870667,14.85148525
30.1,4.969337463,
30.2,4.902900696,
30.3,4.808372498,
30.4,4.703613281,
30.5,4.626960754,
30.6,4.570755005,
30.7,4.504325867,
30.8,4.430229187,
30.9,4.358688354,
31,4.305030823,
31.1,4.271820068,
31.2,4.218162537,
31.3,4.174728394,
31.4,4.164512634,
31.5,4.174728394,
31.6,4.192611694,
31.7,4.213050842,
31.8,4.246269226,
31.9,4.282035828,
32,4.30758667,
32.1,4.305030823,
32.2,4.284591675,
32.3,4.282035828,
32.4,4.284591675,
32.5,4.27948761,
32.6,4.27948761,
32.7,4.292259216,
32.8,4.328025818,
32.9,4.386795044,
33,4.455780029,
33.1,4.506881714,
33.2,4.565643311,
33.3,4.647407532,
33.4,4.716392517,
33.5,4.754714966,
33.6,4.777709961,
33.7,4.818588257,
33.8,4.874801636,
33.9,4.948890686,
34,5.005104065,
34.1,5.030654907,
34.2,5.045982361,
34.3,5.048538208,
34.4,5.02809906,
34.5,4.989776611,
34.6,4.946342468,
34.7,4.890129089,
34.8,4.841583252,
34.9,4.762382507,
35,4.662734985,
35.1,4.583526611,
35.2,4.527320862,
35.3,4.468551636,
35.4,4.389350891,
35.5,4.310142517,
35.6,4.238601685,
35.7,4.184951782,
35.8,4.133850098,
35.9,4.059753418,
36,4.018875122,
36.1,4.026542664,
36.2,4.021430969,
36.3,4.013763428,
36.4,4.023986816,
36.5,4.034202576,
36.6,4.046981812,
36.7,4.069976807,
36.8,4.069976807,
36.9,4.057197571,
37,4.059753418,
37.1,4.064865112,
37.2,4.075080872,
37.3,4.100631714,
37.4,4.151733398,
37.5,4.241157532,
37.6,4.361244202,
37.7,4.463447571,
37.8,4.527320862,
37.9,4.588638306,
38,4.652511597,
38.1,4.716392517,
38.2,4.80581665,
38.3,4.931007385,
38.4,5.02809906,
38.5,5.048538208,
38.6,5.010215759,
38.7,4.93611908,
38.8,4.849250793,
38.9,4.754714966,
39,4.662734985,
39.1,4.573310852,
39.2,4.460891724,
39.3,4.335693359,
39.4,4.246269226,
39.5,4.192611694,
39.6,4.123626709,
39.7,4.069976807,
39.8,4.064865112,
39.9,4.062309265,
40,4.041870117,13.45291424
40.1,4.036758423,
40.2,4.054641724,
40.3,4.064865112,
40.4,4.087860107,
40.5,4.098075867,
40.6,4.092971802,
40.7,4.090415955,
40.8,4.092971802,
40.9,4.11341095,
41,4.161956787,
41.1,4.223274231,
41.2,4.289703369,
41.3,4.38168335,
41.4,4.488990784,
41.5,4.568199158,
41.6,4.644851685,
41.7,4.747047424,
41.8,4.821144104,
41.9,4.885017395,
42,4.938674927,
42.1,4.969337463,
42.2,4.979553223,
42.3,4.966781616,
42.4,4.902900696,
42.5,4.810920715,
42.6,4.739387512,
42.7,4.66784668,
42.8,4.583526611,
42.9,4.50177002,
43,4.412345886,
43.1,4.333137512,
43.2,4.289703369,
43.3,4.215606689,
43.4,4.118522644,
43.5,4.059753418,
43.6,4.031646729,
43.7,4.018875122,
43.8,4.013763428,
43.9,4.006095886,
44,4.006095886,
44.1,4.018875122,
44.2,4.016319275,
44.3,4.006095886,
44.4,4.013763428,
44.5,4.021430969,
44.6,4.018875122,
44.7,4.029090881,
44.8,4.072532654,
44.9,4.156845093,
45,4.294815063,
45.1,4.409790039,
45.2,4.517097473,
45.3,4.632072449,
45.4,4.747047424,
45.5,4.836471558,
45.6,4.925895691,
45.7,5.007659912,
45.8,5.051094055,
45.9,5.081756592,
46,5.104751587,
46.1,5.084312439,
46.2,5.025543213,
46.3,4.974441528,
46.4,4.925895691,
46.5,4.849250793,
46.6,4.754714966,
46.7,4.644851685,
46.8,4.545204163,
46.9,4.465995789,
47,4.351020813,
47.1,4.241157532,
47.2,4.179840088,
47.3,4.123626709,
47.4,4.075080872,
47.5,4.046981812,
47.6,4.031646729,
47.7,4.029090881,
47.8,4.041870117,
47.9,4.029090881,
48,4.003547668,
48.1,4.006095886,
48.2,4.018875122,
48.3,4.018875122,
48.4,4.018875122,
48.5,4.023986816,
48.6,4.034202576,
48.7,4.062309265,
48.8,4.100631714,
48.9,4.154289246,
49,4.25138092,
49.1,4.384239197,
49.2,4.514541626,
49.3,4.629516602,
49.4,4.729164124,
49.5,4.818588257,
49.6,4.900352478,
49.7,4.979553223,
49.8,5.043426514,
49.9,5.107307434,
50,5.130302429,14.10342503
50.1,5.07408905,
50.2,4.992332458,
50.3,4.918235779,
50.4,4.851806641,
50.5,4.790481567,
50.6,4.706169128,
50.7,4.580970764,
50.8,4.458335876,
50.9,4.368911743,
51,4.297370911,
51.1,4.23349762,
51.2,4.15940094,
51.3,4.080192566,
51.4,4.034202576,
51.5,4.018875122,
51.6,3.995880127,
51.7,3.980552673,
51.8,3.985656738,
51.9,3.995880127,
52,4.006095886,
52.1,4.016319275,
52.2,4.013763428,
52.3,4.026542664,
52.4,4.044425964,
52.5,4.036758423,
52.6,4.018875122,
52.7,4.021430969,
52.8,4.034202576,
52.9,4.067420959,
53,4.126182556,
53.1,4.197723389,
53.2,4.274375916,
53.3,4.363800049,
53.4,4.435340881,
53.5,4.506881714,
53.6,4.591194153,
53.7,4.672950745,
53.8,4.790481567,
53.9,4.892684937,
54,4.931007385,
54.1,4.923347473,
54.2,4.887573242,
54.3,4.81603241,
54.4,4.724052429,
54.5,4.647407532,
54.6,4.570755005,
54.7,4.486442566,
54.8,4.407234192,
54.9,4.333137512,
55,4.26159668,
55.1,4.20539093,
55.2,4.128738403,
55.3,4.049537659,
55.4,4.011207581,
55.5,3.990768433,
55.6,3.985656738,
55.7,3.998435974,
55.8,4.003547668,
55.9,4.000991821,
56,4.013763428,
56.1,4.013763428,
56.2,3.99332428,
56.3,3.988212585,
56.4,3.988212585,
56.5,3.985656738,
56.6,4.003547668,
56.7,4.03931427,
56.8,4.090415955,
56.9,4.177284241,
57,4.284591675,
57.1,4.391906738,
57.2,4.524765015,
57.3,4.647407532,
57.4,4.729164124,
57.5,4.777709961,
57.6,4.808372498,
57.7,4.872245789,
57.8,4.964225769,
57.9,5.020431519,
58,5.007659912,
58.1,4.95400238,
58.2,4.879905701,
58.3,4.790481567,
58.4,4.701057434,
58.5,4.606521606,
58.6,4.506881714,
58.7,4.425117493,
58.8,4.340805054,
58.9,4.220718384,
59,4.121070862,
59.1,4.064865112,
59.2,4.006095886,
59.3,3.944778442,
59.4,3.901344299,
59.5,3.840026855,
59.6,3.801696777,
59.7,3.811920166,
59.8,3.819587708,
59.9,3.840026855,
60,3.880905151,15.05376339
60.1,3.911567688,
60.2,3.9192276,
60.3,3.921783447,
60.4,3.926895142,
60.5,3.967773438,
60.6,4.034202576,
60.7,4.080192566,
60.8,4.146621704,
60.9,4.253936768,
61,4.37146759,
61.1,4.491546631,
61.2,4.603965759,
61.3,4.71383667,
61.4,4.831367493,
61.5,4.948890686,
61.6,5.061317444,
61.7,5.125190735,
61.8,5.135406494,
61.9,5.109855652,
62,5.033210754,
62.1,4.941230774,
62.2,4.869689941,
62.3,4.793037415,
62.4,4.690841675,
62.5,4.596305847,
62.6,4.494102478,
62.7,4.379127502,
62.8,4.289703369,
62.9,4.213050842,
63,4.151733398,
63.1,4.108299255,
63.2,4.031646729,
63.3,3.94733429,
63.4,3.906455994,
63.5,3.886016846,
63.6,3.87323761,
63.7,3.870681763,
63.8,3.857910156,
63.9,3.857910156,
64,3.857910156,
64.1,3.834915161,
64.2,3.824691772,
64.3,3.837471008,
64.4,3.863021851,
64.5,3.921783447,
64.6,4.003547668,
64.7,4.100631714,
64.8,4.23349762,
64.9,4.368911743,
65,4.488990784,
65.1,4.611633301,
65.2,4.716392517,
65.3,4.803260803,
65.4,4.874801636,
65.5,4.941230774,
65.6,5.020431519,
65.7,5.10219574,
65.8,5.122634888,
65.9,5.084312439,
66,5.02809906,
66.1,4.951446533,
66.2,4.879905701,
66.3,4.780265808,
66.4,4.657623291,
66.5,4.534980774,
66.6,4.422561646,
66.7,4.299926758,
66.8,4.192611694,
66.9,4.128738403,
67,4.075080872,
67.1,4.011207581,
67.2,3.949890137,
67.3,3.896232605,
67.4,3.87323761,
67.5,3.87323761,
67.6,3.84513092,
67.7,3.824691772,
67.8,3.834915161,
67.9,3.837471008,
68,3.842582703,
68.1,3.855354309,
68.2,3.893676758,
68.3,3.975440979,
68.4,4.110855103,
68.5,4.246269226,
68.6,4.361244202,
68.7,4.468551636,
68.8,4.550315857,
68.9,4.616744995,
69,4.703613281,
69.1,4.803260803,
69.2,4.869689941,
69.3,4.844139099,
69.4,4.731719971,
69.5,4.598861694,
69.6,4.488990784,
69.7,4.394462585,
69.8,4.312698364,
69.9,4.225830078,
70,4.149177551,15.57863522
70.1,4.072532654,
70.2,4.008651733,
70.3,3.960105896,
70.4,3.888572693,
70.5,3.832359314,
70.6,3.822135925,
70.7,3.82724762,
70.8,3.840026855,
70.9,3.852798462,
71,3.857910156,
71.1,3.857910156,
71.2,3.875793457,
71.3,3.880905151,
71.4,3.855354309,
71.5,3.834915161,
71.6,3.842582703,
71.7,3.891120911,
71.8,3.985656738,
71.9,4.110855103,
72,4.230941772,
72.1,4.356132507,
72.2,4.494102478,
72.3,4.603965759,
72.4,4.701057434,
72.5,4.80581665,
72.6,4.882461548,
72.7,4.928451538,
72.8,4.923347473,
72.9,4.856910706,
73,4.770042419,
73.1,4.703613281,
73.2,4.619300842,
73.3,4.514541626,
73.4,4.407234192,
73.5,4.302482605,
73.6,4.202835083,
73.7,4.100631714,
73.8,4.011207581,
73.9,3.949890137,
74,3.926895142,
74.1,3.909011841,
74.2,3.870681763,
74.3,3.850242615,
74.4,3.857910156,
74.5,3.865577698,
74.6,3.87323761,
74.7,3.880905151,
74.8,3.9192276,
74.9,4.008651733,
75,4.118522644,
75.1,4.228385925,
75.2,4.35357666,
75.3,4.491546631,
75.4,4.621856689,
75.5,4.736831665,
75.6,4.808372498,
75.7,4.864578247,
75.8,4.923347473,
75.9,4.933563232,
76,4.874801636,
76.1,4.790481567,
76.2,4.701057434,
76.3,4.603965759,
76.4,4.50177002,
76.5,4.404678345,
76.6,4.328025818,
76.7,4.274375916,
76.8,4.202835083,
76.9,4.103187561,
77,4.03931427,
77.1,4.008651733,
77.2,3.972885132,
77.3,3.949890137,
77.4,3.94733429,
77.5,3.942222595,
77.6,3.94733429,
77.7,3.952445984,
77.8,3.937110901,
77.9,3.924339294,
78,3.926895142,
78.1,3.929450989,
78.2,3.932006836,
78.3,3.944778442,
78.4,3.970329285,
78.5,4.026542664,
78.6,4.105743408,
78.7,4.167060852,
78.8,4.215606689,
78.9,4.289703369,
79,4.38168335,
79.1,4.481330872,
79.2,4.552871704,
79.3,4.586082458,
79.4,4.606521606,
79.5,4.616744995,
79.6,4.583526611,
79.7,4.496658325,
79.8,4.39956665,
79.9,4.317810059,
80,4.25138092,16.29327965
80.1,4.195167542,
80.2,4.138961792,
80.3,4.082748413,
80.4,4.044425964,
80.5,3.998435974,
80.6,3.937110901,
80.7,3.901344299,
80.8,3.896232605,
80.9,3.896232605,
81,3.896232605,
81.1,3.901344299,
81.2,3.901344299,
81.3,3.906455994,
81.4,3.916671753,
81.5,3.906455994,
81.6,3.886016846,
81.7,3.903900146,
81.8,3.96521759,
81.9,4.069976807,
82,4.20539093,
82.1,4.335693359,
82.2,4.450668335,
82.3,4.570755005,
82.4,4.66784668,
82.5,4.731719971,
82.6,4.808372498,
82.7,4.890129089,
82.8,4.938674927,
82.9,4.951446533,
83,4.93611908,
83.1,4.8620224,
83.2,4.767486572,
83.3,4.688285828,
83.4,4.609077454,
83.5,4.550315857,
83.6,4.51965332,
83.7,4.491546631,
83.8,4.463447571,
83.9,4.448112488,
84,4.425117493,
84.1,4.389350891,
84.2,4.37146759,
84.3,4.330581665,
84.4,4.25138092,
84.5,4.177284241,
84.6,4.146621704,
84.7,4.133850098,
84.8,4.11341095,
84.9,4.082748413,
85,4.057197571,
85.1,4.049537659,
85.2,4.049537659,
85.3,4.029090881,
85.4,4.006095886,
85.5,4.000991821,
85.6,3.99332428,
85.7,3.985656738,
85.8,3.985656738,
85.9,4.006095886,
86,4.087860107,
86.1,4.230941772,
86.2,4.384239197,
86.3,4.496658325,
86.4,4.596305847,
86.5,4.703613281,
86.6,4.798149109,
86.7,4.892684937,
86.8,4.974441528,
86.9,5.005104065,
87,5.020431519,
87.1,5.020431519,
87.2,4.974441528,
87.3,4.90801239,
87.4,4.849250793,
87.5,4.790481567,
87.6,4.703613281,
87.7,4.601417542,
87.8,4.506881714,
87.9,4.437896729,
88,4.394462585,
88.1,4.320365906,
88.2,4.23349762,
88.3,4.172172546,
88.4,4.136405945,
88.5,4.108299255,
88.6,4.082748413,
88.7,4.062309265,
88.8,4.049537659,
88.9,4.049537659,
89,4.034202576,
89.1,4.003547668,
89.2,3.998435974,
89.3,4.003547668,
89.4,4.011207581,
89.5,4.021430969,
89.6,4.029090881,
89.7,4.026542664,
89.8,4.036758423,
89.9,4.059753418,
90,4.110855103,16.62707901
90.1,4.215606689,
90.2,4.338249207,
90.3,4.443000793,
90.4,4.527320862,
90.5,4.603965759,
90.6,4.690841675,
90.7,4.785377502,
90.8,4.846694946,
90.9,4.874801636,
91,4.905456543,
91.1,4.931007385,
91.2,4.910568237,
91.3,4.836471558,
91.4,4.734275818,
91.5,4.64995575,
91.6,4.596305847,
91.7,4.540092468,
91.8,4.437896729,
91.9,4.328025818,
92,4.259040833,
92.1,4.213050842,
92.2,4.172172546,
92.3,4.133850098,
92.4,4.08530426,
92.5,4.046981812,
92.6,4.034202576,
92.7,4.008651733,
92.8,3.980552673,
92.9,3.985656738,
93,3.983100891,
93.1,3.975440979,
93.2,3.977996826,
93.3,3.983100891,
93.4,3.998435974,
93.5,4.023986816,
93.6,4.029090881,
93.7,4.013763428,
93.8,4.003547668,
93.9,4.008651733,
94,4.013763428,
94.1,4.029090881,
94.2,4.08530426,
94.3,4.187507629,
94.4,4.322921753,
94.5,4.471107483,
94.6,4.580970764,
94.7,4.655067444,
94.8,4.739387512,
94.9,4.826255798,
95,4.905456543,
95.1,4.976997375,
95.2,5.053649902,
95.3,5.084312439,
95.4,5.048538208,
95.5,4.956558228,
95.6,4.854362488,
95.7,4.782821655,
95.8,4.729164124,
95.9,4.662734985,
96,4.580970764,
96.1,4.499214172,
96.2,4.445556641,
96.3,4.422561646,
96.4,4.37146759,
96.5,4.289703369,
96.6,4.236045837,
96.7,4.210502625,
96.8,4.184951782,
96.9,4.154289246,
97,4.121070862,
97.1,4.090415955,
97.2,4.077636719,
97.3,4.080192566,
97.4,4.064865112,
97.5,4.044425964,
97.6,4.044425964,
97.7,4.046981812,
97.8,4.049537659,
97.9,4.057197571,
98,4.059753418,
98.1,4.057197571,
98.2,4.064865112,
98.3,4.090415955,
98.4,4.13129425,
98.5,4.207946777,
98.6,4.3254776,
98.7,4.453224182,
98.8,4.573310852,
98.9,4.660179138,
99,4.701057434,
99.1,4.744491577,
99.2,4.793037415,
99.3,4.798149109,
99.4,4.75982666,
99.5,4.701057434,
99.6,4.634628296,
99.7,4.565643311,
99.8,4.499214172,
99.9,4.430229187,
100,4.363800049,15.86102772
100.1,4.30758667,
100.2,4.223274231,
100.3,4.136405945,
100.4,4.092971802,
100.5,4.064865112,
100.6,4.041870117,
100.7,4.016319275,
100.8,3.995880127,
100.9,3.985656738,
101,3.990768433,
101.1,3.970329285,
101.2,3.934562683,
101.3,3.924339294,
101.4,3.932006836,
101.5,3.942222595,
101.6,3.94733429,
101.7,3.949890137,
101.8,3.960105896,
101.9,4.018875122,
102,4.118522644,
102.1,4.218162537,
102.2,4.320365906,
102.3,4.430229187,
102.4,4.532432556,
102.5,4.629516602,
102.6,4.726608276,
102.7,4.800704956,
102.8,4.828811646,
102.9,4.808372498,
103,4.724052429,
103.1,4.63973999,
103.2,4.59375,
103.3,4.552871704,
103.4,4.504325867,
103.5,4.440452576,
103.6,4.356132507,
103.7,4.276931763,
103.8,4.220718384,
103.9,4.133850098,
104,4.03931427,
104.1,3.980552673,
104.2,3.934562683,
104.3,3.903900146,
104.4,3.880905151,
104.5,3.865577698,
104.6,3.868125916,
104.7,3.891120911,
104.8,3.901344299,
104.9,3.886016846,
105,3.878349304,
105.1,3.883460999,
105.2,3.893676758,
105.3,3.9192276,
105.4,3.970329285,
105.5,4.046981812,
105.6,4.161956787,
105.7,4.312698364,
105.8,4.450668335,
105.9,4.557975769,
106,4.652511597,
106.1,4.724052429,
106.2,4.782821655,
106.3,4.828811646,
106.4,4.849250793,
106.5,4.844139099,
106.6,4.826255798,
106.7,4.772598267,
106.8,4.66784668,
106.9,4.552871704,
107,4.468551636,
107.1,4.39956665,
107.2,4.3254776,
107.3,4.256492615,
107.4,4.190055847,
107.5,4.144065857,
107.6,4.082748413,
107.7,3.998435974,
107.8,3.932006836,
107.9,3.909011841,
108,3.903900146,
108.1,3.901344299,
108.2,3.896232605,
108.3,3.888572693,
108.4,3.888572693,
108.5,3.898788452,
108.6,3.896232605,
108.7,3.880905151,
108.8,3.883460999,
108.9,3.916671753,
109,3.988212585,
109.1,4.098075867,
109.2,4.23349762,
109.3,4.376571655,
109.4,4.537536621,
109.5,4.68572998,
109.6,4.772598267,
109.7,4.810920715,
109.8,4.83391571,
109.9,4.836471558,
110,4.828811646,15.57863522
110.1,4.818588257,
110.2,4.793037415,
110.3,4.762382507,
110.4,4.701057434,
110.5,4.601417542,
110.6,4.504325867,
110.7,4.435340881,
110.8,4.361244202,
110.9,4.27948761,
111,4.202835083,
111.1,4.13129425,
111.2,4.077636719,
111.3,4.052085876,
111.4,4.008651733,
111.5,3.957557678,
111.6,3.926895142,
111.7,3.909011841,
111.8,3.896232605,
111.9,3.886016846,
112,3.870681763,
112.1,3.865577698,
112.2,3.875793457,
112.3,3.875793457,
112.4,3.868125916,
112.5,3.896232605,
112.6,3.96521759,
112.7,4.072532654,
112.8,4.225830078,
112.9,4.391906738,
113,4.524765015,
113.1,4.632072449,
113.2,4.747047424,
113.3,4.849250793,
113.4,4.905456543,
113.5,4.905456543,
113.6,4.856910706,
113.7,4.798149109,
113.8,4.747047424,
113.9,4.680618286,
114,4.614189148,
114.1,4.552871704,
114.2,4.465995789,
114.3,4.374015808,
114.4,4.299926758,
114.5,4.220718384,
114.6,4.146621704,
114.7,4.08530426,
114.8,4.029090881,
114.9,3.983100891,
115,3.967773438,
115.1,3.937110901,
115.2,3.883460999,
115.3,3.855354309,
115.4,3.850242615,
115.5,3.850242615,
115.6,3.855354309,
115.7,3.857910156,
115.8,3.860466003,
115.9,3.870681763,
116,3.870681763,
116.1,3.855354309,
116.2,3.857910156,
116.3,3.901344299,
116.4,3.975440979,
116.5,4.08530426,
116.6,4.259040833,
116.7,4.425117493,
116.8,4.580970764,
116.9,4.711280823,
117,4.749603271,
117.1,4.749603271,
117.2,4.754714966,
117.3,4.726608276,
117.4,4.66784668,
117.5,4.616744995,
117.6,4.575866699,
117.7,4.550315857,
117.8,4.511985779,
117.9,4.432785034,
118,4.351020813,
118.1,4.30758667,
118.2,4.276931763,
118.3,4.23349762,
118.4,4.179840088,
118.5,4.121070862,
118.6,4.069976807,
118.7,4.034202576,
118.8,3.972885132,
118.9,3.909011841,
119,3.891120911,
119.1,3.893676758,
119.2,3.898788452,
119.3,3.903900146,
119.4,3.893676758,
119.5,3.883460999,
119.6,3.893676758,
119.7,3.898788452,
119.8,3.891120911,
119.9,3.901344299,
120,3.934562683,16.11665344
120.1,4.006095886,
120.2,4.108299255,
120.3,4.230941772,
120.4,4.366355896,
120.5,4.522209167,
120.6,4.652511597,
120.7,4.724052429,
120.8,4.777709961,
120.9,4.836471558,
121,4.887573242,
121.1,4.923347473,
121.2,4.925895691,
121.3,4.90801239,
121.4,4.892684937,
121.5,4.856910706,
121.6,4.785377502,
121.7,4.708724976,
121.8,4.63973999,
121.9,4.578422546,
122,4.509437561,
122.1,4.435340881,
122.2,4.35357666,
122.3,4.305030823,
122.4,4.248825073,
122.5,4.164512634,
122.6,4.110855103,
122.7,4.080192566,
122.8,4.052085876,
122.9,4.026542664,
123,4.029090881,
123.1,4.03931427,
123.2,4.041870117,
123.3,4.034202576,
123.4,4.018875122,
123.5,4.018875122,
123.6,4.023986816,
123.7,4.029090881,
123.8,4.034202576,
123.9,4.036758423,
124,4.034202576,
124.1,4.044425964,
124.2,4.067420959,
124.3,4.090415955,
124.4,4.151733398,
124.5,4.269264221,
124.6,4.39956665,
124.7,4.514541626,
124.8,4.629516602,
124.9,4.749603271,
125,4.851806641,
125.1,4.918235779,
125.2,4.941230774,
125.3,4.969337463,
125.4,5.048538208,
125.5,5.14818573,
125.6,5.258049011,
125.7,5.301483154,
125.8,5.242721558,
125.9,5.140518188,
126,4.994880676,
126.1,4.839027405,
126.2,4.71383667,
126.3,4.621856689,
126.4,4.537536621,
126.5,4.455780029,
126.6,4.38168335,
126.7,4.312698364,
126.8,4.253936768,
126.9,4.15940094,
127,4.059753418,
127.1,4.011207581,
127.2,3.985656738,
127.3,3.970329285,
127.4,3.96521759,
127.5,3.960105896,
127.6,3.962661743,
127.7,3.972885132,
127.8,3.960105896,
127.9,3.944778442,
128,3.94733429,
128.1,3.955001831,
128.2,3.962661743,
128.3,3.970329285,
128.4,3.972885132,
128.5,3.977996826,
128.6,3.985656738,
128.7,3.998435974,
128.8,4.059753418,
128.9,4.190055847,
129,4.340805054,
129.1,4.491546631,
129.2,4.611633301,
129.3,4.69594574,
129.4,4.777709961,
129.5,4.859466553,
129.6,4.918235779,
129.7,4.976997375,
129.8,4.997436523,
129.9,4.987220764,
130,4.987220764,15.59020042
130.1,4.974441528,
130.2,4.941230774,
130.3,4.900352478,
130.4,4.828811646,
130.5,4.762382507,
130.6,4.716392517,
130.7,4.660179138,
130.8,4.586082458,
130.9,4.511985779,
131,4.458335876,
131.1,4.425117493,
131.2,4.37146759,
131.3,4.299926758,
131.4,4.241157532,
131.5,4.190055847,
131.6,4.146621704,
131.7,4.110855103,
131.8,4.072532654,
131.9,4.046981812,
132,4.013763428,
132.1,3.960105896,
132.2,3.934562683,
132.3,3.929450989,
132.4,3.929450989,
132.5,3.932006836,
132.6,3.934562683,
132.7,3.944778442,
132.8,3.949890137,
132.9,3.934562683,
133,3.924339294,
133.1,3.929450989,
133.2,3.96521759,
133.3,4.046981812,
133.4,4.123626709,
133.5,4.210502625,
133.6,4.338249207,
133.7,4.463447571,
133.8,4.614189148,
133.9,4.78792572,
134,4.925895691,
134.1,5.02809906,
134.2,5.10219574,
134.3,5.120079041,
134.4,5.104751587,
134.5,5.058761597,
134.6,4.992332458,
134.7,4.928451538,
134.8,4.851806641,
134.9,4.780265808,
135,4.726608276,
135.1,4.688285828,
135.2,4.63973999,
135.3,4.542648315,
135.4,4.430229187,
135.5,4.363800049,
135.6,4.30758667,
135.7,4.256492615,
135.8,4.197723389,
135.9,4.13129425,
136,4.082748413,
136.1,4.031646729,
136.2,3.955001831,
136.3,3.906455994,
136.4,3.896232605,
136.5,3.888572693,
136.6,3.888572693,
136.7,3.883460999,
136.8,3.878349304,
136.9,3.883460999,
137,3.883460999,
137.1,3.868125916,
137.2,3.857910156,
137.3,3.865577698,
137.4,3.870681763,
137.5,3.880905151,
137.6,3.926895142,
137.7,4.003547668,
137.8,4.090415955,
137.9,4.207946777,
138,4.345916748,
138.1,4.491546631,
138.2,4.626960754,
138.3,4.726608276,
138.4,4.821144104,
138.5,4.913124084,
138.6,4.997436523,
138.7,5.048538208,
138.8,5.040870667,
138.9,4.979553223,
139,4.910568237,
139.1,4.836471558,
139.2,4.757270813,
139.3,4.675506592,
139.4,4.580970764,
139.5,4.483886719,
139.6,4.386795044,
139.7,4.310142517,
139.8,4.213050842,
139.9,4.087860107,
140,3.998435974,14.62395573
140.1,3.957557678,
140.2,3.929450989,
140.3,3.906455994,
140.4,3.893676758,
140.5,3.880905151,
140.6,3.880905151,
140.7,3.886016846,
140.8,3.863021851,
140.9,3.832359314,
141,3.837471008,
141.1,3.847686768,
141.2,3.850242615,
141.3,3.855354309,
141.4,3.857910156,
141.5,3.863021851,
141.6,3.896232605,
141.7,3.96521759,
141.8,4.080192566,
141.9,4.26159668,
142,4.458335876,
142.1,4.606521606,
142.2,4.688285828,
142.3,4.744491577,
142.4,4.828811646,
142.5,4.938674927,
142.6,5.025543213,
142.7,5.02809906,
142.8,4.966781616,
142.9,4.890129089,
143,4.813476563,
143.1,4.724052429,
143.2,4.621856689,
143.3,4.517097473,
143.4,4.437896729,
143.5,4.338249207,
143.6,4.223274231,
143.7,4.154289246,
143.8,4.103187561,
143.9,4.059753418,
144,4.023986816,
144.1,3.998435974,
144.2,3.995880127,
144.3,3.990768433,
144.4,3.967773438,
144.5,3.957557678,
144.6,3.960105896,
144.7,3.962661743,
144.8,3.962661743,
144.9,3.96521759,
145,3.970329285,
145.1,3.977996826,
145.2,3.988212585,
145.3,4.046981812,
145.4,4.161956787,
145.5,4.294815063,
145.6,4.437896729,
145.7,4.601417542,
145.8,4.770042419,
145.9,4.956558228,
146,5.089416504,
146.1,5.176292419,
146.2,5.278488159,
146.3,5.355140686,
146.4,5.373023987,
146.5,5.37046814,
146.6,5.334701538,
146.7,5.252937317,
146.8,5.155845642,
146.9,5.043426514,
147,4.946342468,
147.1,4.872245789,
147.2,4.782821655,
147.3,4.662734985,
147.4,4.545204163,
147.5,4.445556641,
147.6,4.366355896,
147.7,4.284591675,
147.8,4.167060852,
147.9,4.077636719,
148,4.049537659,
148.1,4.031646729,
148.2,4.000991821,
148.3,3.972885132,
148.4,3.955001831,
148.5,3.94733429,
148.6,3.952445984,
148.7,3.944778442,
148.8,3.9192276,
148.9,3.911567688,
149,3.9192276,
149.1,3.921783447,
149.2,3.9192276,
149.3,3.921783447,
149.4,3.924339294,
149.5,3.926895142,
149.6,3.952445984,
149.7,4.011207581,
149.8,4.090415955,
149.9,4.215606689,
150,4.37146759,14.29706097
150.1,4.504325867,
150.2,4.632072449,
150.3,4.795593262,
150.4,4.969337463,
150.5,5.097084045,
150.6,5.183952332,
150.7,5.209503174,
150.8,5.173736572,
150.9,5.104751587,
151,5.030654907,
151.1,4.93611908,
151.2,4.841583252,
151.3,4.739387512,
151.4,4.64995575,
151.5,4.591194153,
151.6,4.488990784,
151.7,4.379127502,
151.8,4.328025818,
151.9,4.292259216,
152,4.253936768,
152.1,4.197723389,
152.2,4.13129425,
152.3,4.080192566,
152.4,4.064865112,
152.5,4.03931427,
152.6,3.99332428,
152.7,3.972885132,
152.8,3.970329285,
152.9,3.967773438,
153,3.970329285,
153.1,3.972885132,
153.2,3.970329285,
153.3,3.980552673,
153.4,4.021430969,
153.5,4.067420959,
153.6,4.121070862,
153.7,4.218162537,
153.8,4.322921753,
153.9,4.414901733,
154,4.51965332,
154.1,4.647407532,
154.2,4.790481567,
154.3,4.913124084,
154.4,4.979553223,
154.5,5.035766602,
154.6,5.076644897,
154.7,5.045982361,
154.8,4.974441528,
154.9,4.915679932,
155,4.864578247,
155.1,4.823699951,
155.2,4.767486572,
155.3,4.680618286,
155.4,4.621856689,
155.5,4.583526611,
155.6,4.511985779,
155.7,4.422561646,
155.8,4.345916748,
155.9,4.297370911,
156,4.256492615,
156.1,4.179840088,
156.2,4.103187561,
156.3,4.054641724,
156.4,3.990768433,
156.5,3.926895142,
156.6,3.883460999,
156.7,3.847686768,
156.8,3.82724762,
156.9,3.837471008,
157,3.829803467,
157.1,3.811920166,
157.2,3.819587708,
157.3,3.824691772,
157.4,3.822135925,
157.5,3.832359314,
157.6,3.865577698,
157.7,3.939666748,
157.8,4.036758423,
157.9,4.13129425,
158,4.25138092,
158.1,4.414901733,
158.2,4.555427551,
158.3,4.678062439,
158.4,4.810920715,
158.5,4.93611908,
158.6,5.022987366,
158.7,5.040870667,
158.8,4.971885681,
158.9,4.864578247,
159,4.777709961,
159.1,4.693397522,
159.2,4.619300842,
159.3,4.550315857,
159.4,4.471107483,
159.5,4.386795044,
159.6,4.30758667,
159.7,4.187507629,
159.8,4.075080872,
159.9,4.008651733,
160,3.957557678,14.66480446
160.1,3.909011841,
160.2,3.860466003,
160.3,3.822135925,
160.4,3.801696777,
160.5,3.804252625,
160.6,3.788925171,
160.7,3.758262634,
160.8,3.760818481,
160.9,3.768486023,
161,3.768486023,
161.1,3.77104187,
161.2,3.773597717,
161.3,3.806808472,
161.4,3.916671753,
161.5,4.057197571,
161.6,4.20539093,
161.7,4.386795044,
161.8,4.552871704,
161.9,4.693397522,
162,4.849250793,
162.1,5.035766602,
162.2,5.204391479,
162.3,5.304039001,
162.4,5.306594849,
162.5,5.22228241,
162.6,5.114967346,
162.7,5.010215759,
162.8,4.90801239,
162.9,4.808372498,
163,4.708724976,
163.1,4.626960754,
163.2,4.550315857,
163.3,4.435340881,
163.4,4.330581665,
163.5,4.271820068,
163.6,4.207946777,
163.7,4.133850098,
163.8,4.059753418,
163.9,3.990768433,
164,3.926895142,
164.1,3.857910156,
164.2,3.768486023,
164.3,3.714828491,
164.4,3.712272644,
164.5,3.714828491,
164.6,3.722496033,
164.7,3.72505188,
164.8,3.72505188,
164.9,3.735267639,
165,3.763374329,
165.1,3.781257629,
165.2,3.822135925,
165.3,3.939666748,
165.4,4.105743408,
165.5,4.299926758,
165.6,4.524765015,
165.7,4.718940735,
165.8,4.864578247,
165.9,4.987220764,
166,5.071533203,
166.1,5.168624878,
166.2,5.260604858,
166.3,5.263160706,
166.4,5.209503174,
166.5,5.130302429,
166.6,5.033210754,
166.7,4.941230774,
166.8,4.854362488,
166.9,4.729164124,
167,4.611633301,
167.1,4.522209167,
167.2,4.432785034,
167.3,4.343360901,
167.4,4.246269226,
167.5,4.151733398,
167.6,4.08530426,
167.7,4.026542664,
167.8,3.932006836,
167.9,3.855354309,
168,3.824691772,
168.1,3.801696777,
168.2,3.788925171,
168.3,3.783813477,
168.4,3.783813477,
168.5,3.786369324,
168.6,3.796592712,
168.7,3.788925171,
168.8,3.77104187,
168.9,3.79914093,
169,3.883460999,
169.1,4.011207581,
169.2,4.179840088,
169.3,4.376571655,
169.4,4.609077454,
169.5,4.844139099,
169.6,4.994880676,
169.7,5.086860657,
169.8,5.181396484,
169.9,5.265716553,
170,5.327033997,15.36210728
170.1,5.373023987,
170.2,5.41645813,
170.3,5.444564819,
170.4,5.434341431,
170.5,5.355140686,
170.6,5.235054016,
170.7,5.125190735,
170.8,4.994880676,
170.9,4.839027405,
171,4.698501587,
171.1,4.591194153,
171.2,4.496658325,
171.3,4.417457581,
171.4,4.340805054,
171.5,4.259040833,
171.6,4.192611694,
171.7,4.136405945,
171.8,4.075080872,
171.9,4.023986816,
172,3.970329285,
172.1,3.937110901,
172.2,3.929450989,
172.3,3.929450989,
172.4,3.906455994,
172.5,3.883460999,
172.6,3.886016846,
172.7,3.891120911,
172.8,3.898788452,
172.9,3.921783447,
173,3.970329285,
173.1,4.069976807,
173.2,4.225830078,
173.3,4.376571655,
173.4,4.51965332,
173.5,4.678062439,
173.6,4.831367493,
173.7,4.969337463,
173.8,5.089416504,
173.9,5.199287415,
174,5.306594849,
174.1,5.393463135,
174.2,5.419013977,
174.3,5.367912292,
174.4,5.281044006,
174.5,5.183952332,
174.6,5.081756592,
174.7,4.98210907,
174.8,4.882461548,
174.9,4.78792572,
175,4.662734985,
175.1,4.509437561,
175.2,4.404678345,
175.3,4.348472595,
175.4,4.271820068,
175.5,4.169616699,
175.6,4.080192566,
175.7,4.000991821,
175.8,3.939666748,
175.9,3.891120911,
176,3.84513092,
176.1,3.824691772,
176.2,3.834915161,
176.3,3.840026855,
176.4,3.842582703,
176.5,3.847686768,
176.6,3.852798462,
176.7,3.868125916,
176.8,3.883460999,
176.9,3.893676758,
177,3.939666748,
177.1,4.054641724,
177.2,4.202835083,
177.3,4.376571655,
177.4,4.563087463,
177.5,4.731719971,
177.6,4.887573242,
177.7,5.05620575,
177.8,5.196731567,
177.9,5.311706543,
178,5.398574829,
178.1,5.398574829,
178.2,5.339805603,
178.3,5.273376465,
178.4,5.196731567,
178.5,5.117523193,
178.6,5.040870667,
178.7,4.923347473,
178.8,4.782821655,
178.9,4.655067444,
179,4.537536621,
179.1,4.430229187,
179.2,4.330581665,
179.3,4.228385925,
179.4,4.133850098,
179.5,4.067420959,
179.6,3.990768433,
179.7,3.914115906,
179.8,3.875793457,
179.9,3.855354309,
180,3.84513092,15.373353
180.1,3.847686768,
180.2,3.855354309,
180.3,3.860466003,
180.4,3.870681763,
180.5,3.863021851,
180.6,3.857910156,
180.7,3.909011841,
180.8,4.013763428,
180.9,4.177284241,
181,4.394462585,
181.1,4.606521606,
181.2,4.803260803,
181.3,5.022987366,
181.4,5.204391479,
181.5,5.321922302,
181.6,5.447120667,
181.7,5.541656494,
181.8,5.521217346,
181.9,5.426681519,
182,5.321922302,
182.1,5.232498169,
182.2,5.163513184,
182.3,5.063865662,
182.4,4.905456543,
182.5,4.74193573,
182.6,4.616744995,
182.7,4.506881714,
182.8,4.386795044,
182.9,4.284591675,
183,4.195167542,
183.1,4.121070862,
183.2,4.041870117,
183.3,3.9192276,
183.4,3.82724762,
183.5,3.79914093,
183.6,3.778701782,
183.7,3.763374329,
183.8,3.768486023,
183.9,3.773597717,
184,3.783813477,
184.1,3.791481018,
184.2,3.781257629,
184.3,3.768486023,
184.4,3.778701782,
184.5,3.824691772,
184.6,3.942222595,
184.7,4.110855103,
184.8,4.292259216,
184.9,4.481330872,
185,4.670402527,
185.1,4.846694946,
185.2,5.022987366,
185.3,5.173736572,
185.4,5.278488159,
185.5,5.344917297,
185.6,5.352584839,
185.7,5.31426239,
185.8,5.275932312,
185.9,5.219726563,
186,5.112411499,
186.1,4.987220764,
186.2,4.869689941,
186.3,4.754714966,
186.4,4.63973999,
186.5,4.532432556,
186.6,4.440452576,
186.7,4.37146759,
186.8,4.312698364,
186.9,4.253936768,
187,4.195167542,
187.1,4.136405945,
187.2,4.064865112,
187.3,3.988212585,
187.4,3.926895142,
187.5,3.888572693,
187.6,3.868125916,
187.7,3.832359314,
187.8,3.778701782,
187.9,3.755706787,
188,3.768486023,
188.1,3.781257629,
188.2,3.781257629,
188.3,3.783813477,
188.4,3.786369324,
188.5,3.796592712,
188.6,3.837471008,
188.7,3.898788452,
188.8,3.995880127,
188.9,4.15940094,
189,4.340805054,
189.1,4.524765015,
189.2,4.729164124,
189.3,4.915679932,
189.4,5.071533203,
189.5,5.232498169,
189.6,5.332145691,
189.7,5.352584839,
189.8,5.332145691,
189.9,5.275932312,
190,5.19417572,15.373353
190.1,5.104751587,
190.2,5.022987366,
190.3,4.956558228,
190.4,4.882461548,
190.5,4.739387512,
190.6,4.573310852,
190.7,4.483886719,
190.8,4.448112488,
190.9,4.389350891,
191,4.297370911,
191.1,4.184951782,
191.2,4.082748413,
191.3,4.013763428,
191.4,3.926895142,
191.5,3.855354309,
191.6,3.82724762,
191.7,3.811920166,
191.8,3.814476013,
191.9,3.82724762,
192,3.832359314,
192.1,3.840026855,
192.2,3.84513092,
192.3,3.847686768,
192.4,3.914115906,
192.5,4.064865112,
192.6,4.246269226,
192.7,4.425117493,
192.8,4.583526611,
192.9,4.731719971,
193,4.885017395,
193.1,5.022987366,
193.2,5.076644897,
193.3,5.071533203,
193.4,5.038322449,
193.5,4.974441528,
193.6,4.900352478,
193.7,4.826255798,
193.8,4.744491577,
193.9,4.660179138,
194,4.583526611,
194.1,4.476219177,
194.2,4.37146759,
194.3,4.299926758,
194.4,4.215606689,
194.5,4.115966797,
194.6,4.041870117,
194.7,3.99332428,
194.8,3.955001831,
194.9,3.898788452,
195,3.81703186,
195.1,3.765930176,
195.2,3.75315094,
195.3,3.75315094,
195.4,3.75315094,
195.5,3.755706787,
195.6,3.758262634,
195.7,3.765930176,
195.8,3.77104187,
195.9,3.760818481,
196,3.758262634,
196.1,3.77104187,
196.2,3.801696777,
196.3,3.880905151,
196.4,4.011207581,
196.5,4.167060852,
196.6,4.35357666,
196.7,4.527320862,
196.8,4.644851685,
196.9,4.772598267,
197,4.938674927,
197.1,5.079200745,
197.2,5.173736572,
197.3,5.232498169,
197.4,5.25038147,
197.5,5.247825623,
197.6,5.206947327,
197.7,5.143074036,
197.8,5.084312439,
197.9,5.020431519,
198,4.941230774,
198.1,4.844139099,
198.2,4.747047424,
198.3,4.64995575,
198.4,4.552871704,
198.5,4.430229187,
198.6,4.310142517,
198.7,4.241157532,
198.8,4.190055847,
198.9,4.13129425,
199,4.072532654,
199.1,4.003547668,
199.2,3.939666748,
199.3,3.906455994,
199.4,3.865577698,
199.5,3.82724762,
199.6,3.82724762,
199.7,3.82724762,
199.8,3.81703186,
199.9,3.822135925,
200,3.82724762,15.53254414
200.1,3.82724762,
200.2,3.837471008,
200.3,3.840026855,
200.4,3.837471008,
200.5,3.868125916,
200.6,3.957557678,
200.7,4.092971802,
200.8,4.259040833,
200.9,4.425117493,
201,4.578422546,
201.1,4.747047424,
201.2,4.928451538,
201.3,5.097084045,
201.4,5.273376465,
201.5,5.452232361,
201.6,5.608085632,
201.7,5.725616455,
201.8,5.8227005,
201.9,5.947898865,
202,6.042434692,
202.1,6.037322998,
202.2,5.960670471,
202.3,5.85080719,
202.4,5.735832214,
202.5,5.636192322,
202.6,5.533988953,
202.7,5.429237366,
202.8,5.34236145,
202.9,5.242721558,
203,5.125190735,
203.1,5.015327454,
203.2,4.905456543,
203.3,4.803260803,
203.4,4.708724976,
203.5,4.616744995,
203.6,4.542648315,
203.7,4.481330872,
203.8,4.417457581,
203.9,4.366355896,
204,4.330581665,
204.1,4.27948761,
204.2,4.187507629,
204.3,4.082748413,
204.4,3.995880127,
204.5,3.952445984,
204.6,3.911567688,
204.7,3.842582703,
204.8,3.804252625,
204.9,3.79914093,
205,3.801696777,
205.1,3.811920166,
205.2,3.822135925,
205.3,3.824691772,
205.4,3.834915161,
205.5,3.847686768,
205.6,3.84513092,
205.7,3.860466003,
205.8,3.955001831,
205.9,4.108299255,
206,4.282035828,
206.1,4.460891724,
206.2,4.629516602,
206.3,4.795593262,
206.4,4.961669922,
206.5,5.120079041,
206.6,5.25038147,
206.7,5.36025238,
206.8,5.442008972,
206.9,5.467559814,
207,5.454780579,
207.1,5.419013977,
207.2,5.367912292,
207.3,5.327033997,
207.4,5.265716553,
207.5,5.145629883,
207.6,5.015327454,
207.7,4.905456543,
207.8,4.795593262,
207.9,4.68572998,
208,4.591194153,
208.1,4.50177002,
208.2,4.417457581,
208.3,4.340805054,
208.4,4.243713379,
208.5,4.144065857,
208.6,4.090415955,
208.7,4.052085876,
208.8,4.029090881,
208.9,4.026542664,
209,4.018875122,
209.1,4.008651733,
209.2,4.011207581,
209.3,4.006095886,
209.4,3.985656738,
209.5,3.980552673,
209.6,3.983100891,
209.7,3.985656738,
209.8,3.99332428,
209.9,4.029090881,
210,4.11341095,14.3084259
210.1,4.26159668,
210.2,4.430229187,
210.3,4.568199158,
210.4,4.716392517,
210.5,4.874801636,
210.6,5.017875671,
210.7,5.150741577,
210.8,5.263160706,
210.9,5.339805603,
211,5.390907288,
211.1,5.401130676,
211.2,5.355140686,
211.3,5.298927307,
211.4,5.25038147,
211.5,5.189064026,
211.6,5.117523193,
211.7,5.038322449,
211.8,4.951446533,
211.9,4.851806641,
212,4.703613281,
212.1,4.54776001,
212.2,4.445556641,
212.3,4.348472595,
212.4,4.23349762,
212.5,4.118522644,
212.6,4.049537659,
212.7,4.031646729,
212.8,4.016319275,
212.9,3.957557678,
213,3.898788452,
213.1,3.875793457,
213.2,3.868125916,
213.3,3.893676758,
213.4,3.929450989,
213.5,3.94733429,
213.6,3.94733429,
213.7,3.924339294,
213.8,3.898788452,
213.9,3.896232605,
214,3.906455994,
214.1,3.977996826,
214.2,4.154289246,
214.3,4.374015808,
214.4,4.578422546,
214.5,4.762382507,
214.6,4.920791626,
214.7,5.068977356,
214.8,5.232498169,
214.9,5.403686523,
215,5.556983948,
215.1,5.641296387,
215.2,5.648963928,
215.3,5.559539795,
215.4,5.475227356,
215.5,5.41645813,
215.6,5.350028992,
215.7,5.263160706,
215.8,5.173736572,
215.9,5.068977356,
216,4.959114075,
216.1,4.854362488,
216.2,4.726608276,
216.3,4.59375,
216.4,4.483886719,
216.5,4.38168335,
216.6,4.302482605,
216.7,4.213050842,
216.8,4.118522644,
216.9,4.054641724,
217,4.008651733,
217.1,3.977996826,
217.2,3.96521759,
217.3,3.96521759,
217.4,3.96521759,
217.5,3.977996826,
217.6,3.985656738,
217.7,3.972885132,
217.8,3.96521759,
217.9,3.967773438,
218,3.967773438,
218.1,3.970329285,
218.2,3.977996826,
218.3,3.985656738,
218.4,4.036758423,
218.5,4.149177551,
218.6,4.271820068,
218.7,4.42767334,
218.8,4.621856689,
218.9,4.813476563,
219,4.999992371,
219.1,5.153297424,
219.2,5.25038147,
219.3,5.31426239,
219.4,5.350028992,
219.5,5.321922302,
219.6,5.275932312,
219.7,5.242721558,
219.8,5.181396484,
219.9,5.10219574,
220,5.007659912,14.29543877
220.1,4.892684937,
220.2,4.803260803,
220.3,4.701057434,
220.4,4.573310852,
220.5,4.486442566,
220.6,4.440452576,
220.7,4.384239197,
220.8,4.30758667,
220.9,4.220718384,
221,4.138961792,
221.1,4.082748413,
221.2,4.049537659,
221.3,4.003547668,
221.4,3.970329285,
221.5,3.967773438,
221.6,3.96521759,
221.7,3.967773438,
221.8,3.970329285,
221.9,3.975440979,
222,3.980552673,
222.1,3.990768433,
222.2,3.990768433,
222.3,3.972885132,
222.4,3.995880127,
222.5,4.08530426,
222.6,4.228385925,
222.7,4.409790039,
222.8,4.59375,
222.9,4.739387512,
223,4.872245789,
223.1,5.033210754,
223.2,5.168624878,
223.3,5.237609863,
223.4,5.273376465,
223.5,5.321922302,
223.6,5.411346436,
223.7,5.413902283,
223.8,5.301483154,
223.9,5.173736572,
224,5.053649902,
224.1,4.913124084,
224.2,4.744491577,
224.3,4.614189148,
224.4,4.540092468,
224.5,4.478775024,
224.6,4.402122498,
224.7,4.297370911,
224.8,4.184951782,
224.9,4.110855103,
225,4.031646729,
225.1,3.957557678,
225.2,3.937110901,
225.3,3.926895142,
225.4,3.909011841,
225.5,3.893676758,
225.6,3.875793457,
225.7,3.860466003,
225.8,3.868125916,
225.9,3.860466003,
226,3.834915161,
226.1,3.82724762,
226.2,3.832359314,
226.3,3.865577698,
226.4,3.977996826,
226.5,4.151733398,
226.6,4.287147522,
226.7,4.330581665,
226.8,4.351020813,
226.9,4.435340881,
227,4.603965759,
227.1,4.826255798,
227.2,5.025543213,
227.3,5.183952332,
227.4,5.288711548,
227.5,5.337257385,
227.6,5.357696533,
227.7,5.344917297,
227.8,5.29637146,
227.9,5.24016571,
228,5.183952332,
228.1,5.107307434,
228.2,5.020431519,
228.3,4.931007385,
228.4,4.83391571,
228.5,4.754714966,
228.6,4.660179138,
228.7,4.522209167,
228.8,4.420005798,
228.9,4.363800049,
229,4.312698364,
229.1,4.264152527,
229.2,4.202835083,
229.3,4.138961792,
229.4,4.105743408,
229.5,4.090415955,
229.6,4.036758423,
229.7,3.977996826,
229.8,3.972885132,
229.9,3.977996826,
230,3.980552673,14.09553623
230.1,3.988212585,
230.2,3.99332428,
230.3,3.99332428,
230.4,4.008651733,
230.5,4.041870117,
230.6,4.098075867,
230.7,4.202835083,
230.8,4.340805054,
230.9,4.471107483,
231,4.596305847,
231.1,4.729164124,
231.2,4.882461548,
231.3,5.081756592,
231.4,5.286155701,
231.5,5.408790588,
231.6,5.472671509,
231.7,5.549316406,
231.8,5.608085632,
231.9,5.605529785,
232,5.559539795,
232.1,5.518661499,
232.2,5.498222351,
232.3,5.480331421,
232.4,5.403686523,
232.5,5.283599854,
232.6,5.166069031,
232.7,5.063865662,
232.8,4.959114075,
232.9,4.851806641,
233,4.747047424,
233.1,4.655067444,
233.2,4.591194153,
233.3,4.511985779,
233.4,4.414901733,
233.5,4.343360901,
233.6,4.294815063,
233.7,4.228385925,
233.8,4.156845093,
233.9,4.110855103,
234,4.064865112,
234.1,4.023986816,
234.2,4.013763428,
234.3,3.985656738,
234.4,3.944778442,
234.5,3.932006836,
234.6,3.929450989,
234.7,3.929450989,
234.8,3.932006836,
234.9,3.937110901,
235,3.939666748,
235.1,3.939666748,
235.2,3.962661743,
235.3,4.013763428,
235.4,4.090415955,
235.5,4.223274231,
235.6,4.391906738,
235.7,4.563087463,
235.8,4.731719971,
235.9,4.877357483,
236,4.976997375,
236.1,5.079200745,
236.2,5.191619873,
236.3,5.247825623,
236.4,5.25038147,
236.5,5.189064026,
236.6,5.104751587,
236.7,5.005104065,
236.8,4.918235779,
236.9,4.864578247,
237,4.821144104,
237.1,4.772598267,
237.2,4.690841675,
237.3,4.575866699,
237.4,4.478775024,
237.5,4.389350891,
237.6,4.302482605,
237.7,4.218162537,
237.8,4.133850098,
237.9,4.069976807,
238,4.044425964,
238.1,4.008651733,
238.2,3.94733429,
238.3,3.911567688,
238.4,3.916671753,
238.5,3.926895142,
238.6,3.939666748,
238.7,3.952445984,
238.8,3.952445984,
238.9,3.960105896,
239,3.967773438,
239.1,3.955001831,
239.2,3.952445984,
239.3,3.970329285,
239.4,3.985656738,
239.5,4.031646729,
239.6,4.126182556,
239.7,4.264152527,
239.8,4.453224182,
239.9,4.63973999,
240,4.785377502,14.5328722
240.1,4.941230774,
240.2,5.091972351,
240.3,5.242721558,
240.4,5.385795593,
240.5,5.470115662,
240.6,5.521217346,
240.7,5.531433105,
240.8,5.467559814,
240.9,5.380691528,
241,5.291267395,
241.1,5.178840637,
241.2,5.045982361,
241.3,4.923347473,
241.4,4.810920715,
241.5,4.708724976,
241.6,4.598861694,
241.7,4.478775024,
241.8,4.402122498,
241.9,4.368911743,
242,4.3254776,
242.1,4.269264221,
242.2,4.236045837,
242.3,4.228385925,
242.4,4.210502625,
242.5,4.169616699,
242.6,4.126182556,
242.7,4.095527649,
242.8,4.077636719,
242.9,4.064865112,
243,4.054641724,
243.1,4.049537659,
243.2,4.044425964,
243.3,4.067420959,
243.4,4.149177551,
243.5,4.256492615,
243.6,4.363800049,
243.7,4.494102478,
243.8,4.629516602,
243.9,4.767486572,
244,4.90801239,
244.1,5.045982361,
244.2,5.181396484,
244.3,5.309150696,
244.4,5.408790588,
244.5,5.46244812,
244.6,5.457336426,
244.7,5.373023987,
244.8,5.2682724,
244.9,5.171180725,
245,5.068977356,
245.1,4.969337463,
245.2,4.885017395,
245.3,4.808372498,
245.4,4.690841675,
245.5,4.54776001,
245.6,4.448112488,
245.7,4.38168335,
245.8,4.315254211,
245.9,4.25138092,
246,4.190055847,
246.1,4.123626709,
246.2,4.075080872,
246.3,4.052085876,
246.4,4.008651733,
246.5,3.949890137,
246.6,3.932006836,
246.7,3.934562683,
246.8,3.937110901,
246.9,3.944778442,
247,3.949890137,
247.1,3.952445984,
247.2,3.952445984,
247.3,3.955001831,
247.4,3.952445984,
247.5,3.970329285,
247.6,4.041870117,
247.7,4.174728394,
247.8,4.333137512,
247.9,4.499214172,
248,4.626960754,
248.1,4.729164124,
248.2,4.874801636,
248.3,5.02809906,
248.4,5.112411499,
248.5,5.176292419,
248.6,5.24016571,
248.7,5.214614868,
248.8,5.120079041,
248.9,5.022987366,
249,4.915679932,
249.1,4.83391571,
249.2,4.762382507,
249.3,4.644851685,
249.4,4.514541626,
249.5,4.443000793,
249.6,4.407234192,
249.7,4.368911743,
249.8,4.317810059,
249.9,4.269264221,
250,4.218162537,14.68531513
250.1,4.144065857,
250.2,4.049537659,
250.3,3.983100891,
250.4,3.955001831,
250.5,3.939666748,
250.6,3.932006836,
250.7,3.921783447,
250.8,3.909011841,
250.9,3.909011841,
251,3.916671753,
251.1,3.896232605,
251.2,3.870681763,
251.3,3.921783447,
251.4,4.046981812,
251.5,4.220718384,
251.6,4.407234192,
251.7,4.573310852,
251.8,4.739387512,
251.9,4.920791626,
252,5.089416504,
252.1,5.260604858,
252.2,5.38835144,
252.3,5.439453125,
252.4,5.477775574,
252.5,5.510993958,
252.6,5.495666504,
252.7,5.431785583,
252.8,5.337257385,
252.9,5.181396484,
253,5.022987366,
253.1,4.910568237,
253.2,4.803260803,
253.3,4.675506592,
253.4,4.54776001,
253.5,4.440452576,
253.6,4.343360901,
253.7,4.236045837,
253.8,4.121070862,
253.9,4.054641724,
254,4.018875122,
254.1,4.006095886,
254.2,4.008651733,
254.3,4.000991821,
254.4,3.977996826,
254.5,3.962661743,
254.6,3.96521759,
254.7,3.955001831,
254.8,3.937110901,
254.9,3.952445984,
255,4.008651733,
255.1,4.123626709,
255.2,4.294815063,
255.3,4.491546631,
255.4,4.688285828,
255.5,4.8620224,
255.6,4.997436523,
255.7,5.104751587,
255.8,5.196731567,
255.9,5.245277405,
256,5.227386475,
256.1,5.160957336,
256.2,5.076644897,
256.3,4.984664917,
256.4,4.892684937,
256.5,4.78792572,
256.6,4.637184143,
256.7,4.504325867,
256.8,4.422561646,
256.9,4.348472595,
257,4.264152527,
257.1,4.197723389,
257.2,4.154289246,
257.3,4.11341095,
257.4,4.080192566,
257.5,4.03931427,
257.6,3.977996826,
257.7,3.937110901,
257.8,3.937110901,
257.9,3.942222595,
258,3.942222595,
258.1,3.944778442,
258.2,3.952445984,
258.3,4.003547668,
258.4,4.123626709,
258.5,4.264152527,
258.6,4.425117493,
258.7,4.632072449,
258.8,4.793037415,
258.9,4.859466553,
259,4.90801239,
259.1,4.999992371,
259.2,5.135406494,
259.3,5.260604858,
259.4,5.301483154,
259.5,5.235054016,
259.6,5.125190735,
259.7,5.010215759,
259.8,4.892684937,
259.9,4.777709961,
260,4.670402527,15.26162815
260.1,4.578422546,
260.2,4.51965332,
260.3,4.448112488,
260.4,4.340805054,
260.5,4.230941772,
260.6,4.169616699,
260.7,4.118522644,
260.8,4.059753418,
260.9,4.013763428,
261,3.99332428,
261.1,3.980552673,
261.2,3.972885132,
261.3,3.96521759,
261.4,3.929450989,
261.5,3.901344299,
261.6,3.916671753,
261.7,3.955001831,
261.8,4.03931427,
261.9,4.177284241,
262,4.335693359,
262.1,4.496658325,
262.2,4.690841675,
262.3,4.890129089,
262.4,5.045982361,
262.5,5.173736572,
262.6,5.275932312,
262.7,5.344917297,
262.8,5.383247375,
262.9,5.375579834,
263,5.306594849,
263.1,5.201835632,
263.2,5.086860657,
263.3,4.938674927,
263.4,4.777709961,
263.5,4.652511597,
263.6,4.555427551,
263.7,4.468551636,
263.8,4.356132507,
263.9,4.230941772,
264,4.164512634,
264.1,4.11341095,
264.2,4.021430969,
264.3,3.952445984,
264.4,3.937110901,
264.5,3.932006836,
264.6,3.924339294,
264.7,3.921783447,
264.8,3.924339294,
264.9,3.926895142,
265,3.937110901,
265.1,3.942222595,
265.2,3.94733429,
265.3,4.013763428,
265.4,4.156845093,
265.5,4.322921753,
265.6,4.494102478,
265.7,4.66784668,
265.8,4.823699951,
265.9,4.951446533,
266,5.076644897,
266.1,5.14818573,
266.2,5.130302429,
266.3,5.043426514,
266.4,4.918235779,
266.5,4.785377502,
266.6,4.662734985,
266.7,4.565643311,
266.8,4.481330872,
266.9,4.397010803,
267,4.312698364,
267.1,4.213050842,
267.2,4.13129425,
267.3,4.082748413,
267.4,4.041870117,
267.5,4.018875122,
267.6,4.011207581,
267.7,4.003547668,
267.8,4.003547668,
267.9,4.008651733,
268,3.998435974,
268.1,3.975440979,
268.2,3.985656738,
268.3,4.075080872,
268.4,4.243713379,
268.5,4.443000793,
268.6,4.624412537,
268.7,4.764930725,
268.8,4.887573242,
268.9,5.017875671,
269,5.112411499,
269.1,5.173736572,
269.2,5.214614868,
269.3,5.201835632,
269.4,5.153297424,
269.5,5.094528198,
269.6,4.999992371,
269.7,4.877357483,
269.8,4.762382507,
269.9,4.632072449,
270,4.494102478,16.83029366
270.1,4.368911743,
270.2,4.259040833,
270.3,4.15940094,
270.4,4.072532654,
270.5,4.008651733,
270.6,3.962661743,
270.7,3.934562683,
270.8,3.916671753,
270.9,3.888572693,
271,3.865577698,
271.1,3.870681763,
271.2,3.883460999,
271.3,3.893676758,
271.4,3.898788452,
271.5,3.898788452,
271.6,3.896232605,
271.7,3.903900146,
271.8,3.921783447,
271.9,3.977996826,
272,4.123626709,
272.1,4.315254211,
272.2,4.494102478,
272.3,4.662734985,
272.4,4.818588257,
272.5,4.951446533,
272.6,5.079200745,
272.7,5.181396484,
272.8,5.191619873,
272.9,5.135406494,
273,5.071533203,
273.1,4.994880676,
273.2,4.915679932,
273.3,4.846694946,
273.4,4.770042419,
273.5,4.68572998,
273.6,4.606521606,
273.7,4.496658325,
273.8,4.374015808,
273.9,4.292259216,
274,4.228385925,
274.1,4.15940094,
274.2,4.103187561,
274.3,4.062309265,
274.4,4.016319275,
274.5,3.985656738,
274.6,3.955001831,
274.7,3.914115906,
274.8,3.893676758,
274.9,3.893676758,
275,3.891120911,
275.1,3.896232605,
275.2,3.901344299,
275.3,3.898788452,
275.4,3.906455994,
275.5,3.939666748,
275.6,3.998435974,
275.7,4.105743408,
275.8,4.256492615,
275.9,4.417457581,
276,4.591194153,
276.1,4.752159119,
276.2,4.892684937,
276.3,5.045982361,
276.4,5.196731567,
276.5,5.242721558,
276.6,5.181396484,
276.7,5.089416504,
276.8,4.997436523,
276.9,4.913124084,
277,4.831367493,
277.1,4.747047424,
277.2,4.657623291,
277.3,4.578422546,
277.4,4.468551636,
277.5,4.343360901,
277.6,4.26159668,
277.7,4.197723389,
277.8,4.13129425,
277.9,4.075080872,
278,4.029090881,
278.1,3.985656738,
278.2,3.955001831,
278.3,3.9192276,
278.4,3.863021851,
278.5,3.82724762,
278.6,3.822135925,
278.7,3.81703186,
278.8,3.819587708,
278.9,3.82724762,
279,3.829803467,
279.1,3.834915161,
279.2,3.850242615,
279.3,3.870681763,
279.4,3.929450989,
279.5,4.064865112,
279.6,4.225830078,
279.7,4.379127502,
279.8,4.542648315,
279.9,4.708724976,
280,4.856910706,17.47997093
280.1,4.999992371,
280.2,5.104751587,
280.3,5.173736572,
280.4,5.24016571,
280.5,5.2682724,
280.6,5.252937317,
280.7,5.199287415,
280.8,5.104751587,
280.9,4.992332458,
281,4.890129089,
281.1,4.772598267,
281.2,4.647407532,
281.3,4.540092468,
281.4,4.440452576,
281.5,4.333137512,
281.6,4.230941772,
281.7,4.149177551,
281.8,4.077636719,
281.9,4.021430969,
282,3.952445984,
282.1,3.880905151,
282.2,3.847686768,
282.3,3.834915161,
282.4,3.832359314,
282.5,3.834915161,
282.6,3.832359314,
282.7,3.840026855,
282.8,3.860466003,
282.9,3.865577698,
283,3.850242615,
283.1,3.842582703,
283.2,3.857910156,
283.3,3.921783447,
283.4,4.069976807,
283.5,4.297370911,
283.6,4.496658325,
283.7,4.586082458,
283.8,4.675506592,
283.9,4.785377502,
284,4.902900696,
284.1,4.979553223,
284.2,5.015327454,
284.3,5.051094055,
284.4,5.05620575,
284.5,5.030654907,
284.6,5.002548218,
284.7,4.966781616,
284.8,4.887573242,
284.9,4.795593262,
285,4.716392517,
285.1,4.634628296,
285.2,4.550315857,
285.3,4.47366333,
285.4,4.402122498,
285.5,4.335693359,
285.6,4.26159668,
285.7,4.167060852,
285.8,4.108299255,
285.9,4.087860107,
286,4.049537659,
286.1,3.990768433,
286.2,3.937110901,
286.3,3.909011841,
286.4,3.901344299,
286.5,3.909011841,
286.6,3.888572693,
286.7,3.860466003,
286.8,3.868125916,
286.9,3.883460999,
287,3.891120911,
287.1,3.898788452,
287.2,3.909011841,
287.3,3.932006836,
287.4,4.013763428,
287.5,4.151733398,
287.6,4.292259216,
287.7,4.437896729,
287.8,4.578422546,
287.9,4.718940735,
288,4.874801636,
288.1,5.020431519,
288.2,5.14818573,
288.3,5.263160706,
288.4,5.344917297,
288.5,5.344917297,
288.6,5.293815613,
288.7,5.242721558,
288.8,5.189064026,
288.9,5.127746582,
289,5.063865662,
289.1,4.989776611,
289.2,4.920791626,
289.3,4.854362488,
289.4,4.754714966,
289.5,4.655067444,
289.6,4.601417542,
289.7,4.540092468,
289.8,4.450668335,
289.9,4.35357666,
290,4.253936768,16.88951492
290.1,4.161956787,
290.2,4.103187561,
290.3,4.044425964,
290.4,3.995880127,
290.5,3.99332428,
290.6,3.995880127,
290.7,4.000991821,
290.8,4.013763428,
290.9,4.023986816,
291,4.029090881,
291.1,4.036758423,
291.2,4.041870117,
291.3,4.067420959,
291.4,4.15940094,
291.5,4.310142517,
291.6,4.476219177,
291.7,4.642295837,
291.8,4.78792572,
291.9,4.93611908,
292,5.114967346,
292.1,5.301483154,
292.2,5.442008972,
292.3,5.49055481,
292.4,5.447120667,
292.5,5.339805603,
292.6,5.206947327,
292.7,5.076644897,
292.8,4.969337463,
292.9,4.895240784,
293,4.798149109,
293.1,4.655067444,
293.2,4.524765015,
293.3,4.425117493,
293.4,4.330581665,
293.5,4.243713379,
293.6,4.169616699,
293.7,4.103187561,
293.8,4.052085876,
293.9,3.998435974,
294,3.942222595,
294.1,3.924339294,
294.2,3.926895142,
294.3,3.934562683,
294.4,3.939666748,
294.5,3.942222595,
294.6,3.942222595,
294.7,3.96521759,
294.8,4.006095886,
294.9,4.077636719,
295,4.197723389,
295.1,4.338249207,
295.2,4.478775024,
295.3,4.634628296,
295.4,4.800704956,
295.5,4.93611908,
295.6,5.063865662,
295.7,5.183952332,
295.8,5.275932312,
295.9,5.304039001,
296,5.265716553,
296.1,5.189064026,
296.2,5.089416504,
296.3,4.98210907,
296.4,4.892684937,
296.5,4.790481567,
296.6,4.647407532,
296.7,4.514541626,
296.8,4.414901733,
296.9,4.328025818,
297,4.241157532,
297.1,4.149177551,
297.2,4.077636719,
297.3,4.054641724,
297.4,4.03931427,
297.5,4.016319275,
297.6,4.013763428,
297.7,4.021430969,
297.8,4.034202576,
297.9,4.046981812,
298,4.057197571,
298.1,4.067420959,
298.2,4.080192566,
298.3,4.075080872,
298.4,4.087860107,
298.5,4.177284241,
298.6,4.3254776,
298.7,4.491546631,
298.8,4.652511597,
298.9,4.798149109,
299,4.946342468,
299.1,5.099639893,
299.2,5.232498169,
299.3,5.390907288,
299.4,5.505882263,
299.5,5.424125671,
299.6,5.255493164,
299.7,5.137962341,
299.8,5.063865662,
299.9,5.035766602,
300,4.979553223,15.77761078
