Height,Position,Distance (m),Time,bpm,sensor-bpm,deviation,percent-error
1,Front,0.6,0.0,6.629834175,5.411524821571746,-1.2183093534282543,-0.18376166300241653
1,Front,0.6,10.0,5.928853989,5.330082684788922,-0.5987713042110778,-0.1009927559899431
1,Front,0.6,20.0,5.964214325,5.167732758607693,-0.7964815663923073,-0.1335434179576213
1,Front,0.6,30.0,5.928853989,5.631630853190134,-0.29722313580986626,-0.050131633594167474
1,Front,0.6,40.0,6.10997963,6.6322639901062965,0.5222843601062968,0.08548054031831474
1,Front,0.6,50.0,6.072874546,5.953761167468088,-0.11911337853191206,-0.019614002830071316
1,Front,0.6,60.0,6.024096489,5.672914442953372,-0.3511820460466275,-0.05829621864256091
1,Front,0.6,70.0,6.21118021,6.200735149043486,-0.010445060956514318,-0.0016816547907751525
1,Front,0.6,80.0,6.030150414,5.960597849208315,-0.06955256479168526,-0.011534134311178602
1,Front,0.6,90.0,5.88812542,5.653115188213408,-0.23501023178659164,-0.03991257234235198
1,Front,0.6,100.0,5.97014904,5.06625354450532,-0.9038954954946803,-0.15140250091556848
1,Front,0.6,110.0,5.830904007,5.780668532471658,-0.05023547452834176,-0.008615383561114036
1,Front,0.6,120.0,5.976095676,5.7410608666436485,-0.23503480935635146,-0.039329157714166334
1,Front,0.6,130.0,6.224066734,5.979952112585681,-0.24411462141431883,-0.0392210803397724
1,Front,0.6,140.0,5.97014904,6.009602329118524,0.03945328911852375,0.006608426163934385
1,Front,0.6,150.0,6.066733837,6.214881368527893,0.14814753152789262,0.024419652404126496
1,Front,0.6,160.0,6.160163879,5.885884245902306,-0.2742796330976933,-0.04452472993984992
1,Front,0.6,170.0,5.836575985,5.7607136683168605,-0.07586231668313914,-0.012997743347830182
1,Front,0.6,180.0,6.147541046,6.4814482241199824,0.3339071781199827,0.05431556708958373
1,Front,0.6,190.0,6.166495323,5.70997287896385,-0.4565224440361506,-0.07403272363369805
1,Front,0.6,200.0,5.97014904,6.237934371271544,0.26778533127154436,0.044854044593758476
1,Front,0.6,210.0,6.060606003,5.959729734840597,-0.10087626815940354,-0.016644584404508358
1,Front,0.6,220.0,5.725190639,5.540791186382747,-0.184399452617253,-0.03220843885286961
1,Front,0.6,230.0,5.876591206,6.354454034907076,0.4778628289070763,0.08131632985108414
1,Front,0.6,240.0,6.557376862,6.2971618326153616,-0.26021502938463836,-0.03968279311390268
1,Front,0.6,250.0,6.224066734,6.0842972801875925,-0.13976945381240746,-0.022456291004865608
1,Front,0.6,260.0,5.736137867,5.904182232669919,0.16804436566991932,0.029295733395230703
1,Front,0.6,270.0,5.791505814,6.073818399428369,0.282312585428369,0.04874597289463569
1,Front,0.6,280.0,5.982053757,5.8961037967755665,-0.08594996022443357,-0.01436796854656443
1,Front,0.6,290.0,6.191950321,6.139605813250454,-0.05234450774954613,-0.00845363819732528
1,Front,0.6,300.0,6.179196835,5.849751099801775,-0.32944573519822473,-0.053315300352982646
2,Front,0.6,0.0,9.146341324,8.40078410193521,-0.7455572220647895,-0.0815142575215783
2,Front,0.6,10.0,9.042953491,8.901424880081096,-0.141528610918904,-0.015650706493156287
2,Front,0.6,20.0,9.036144257,8.483315168099114,-0.5528290889008858,-0.06117975468050186
2,Front,0.6,30.0,9.237874985,8.14352502734456,-1.0943499576554387,-0.11846338681053702
2,Front,0.6,40.0,9.22367382,3.4291414879930033,-5.794532332006996,-0.6282238991845656
2,Front,0.6,50.0,8.961912155,5.729025835496607,-3.2328863195033932,-0.36073622052852994
2,Front,0.6,60.0,9.280742645,8.484637612388207,-0.7961050326117931,-0.08578031554842162
2,Front,0.6,70.0,8.888889313,8.786321283655589,-0.10256802934441112,-0.011538902750696352
2,Front,0.6,80.0,8.975317955,9.119872368407723,0.14455441340772346,0.016105770751797668
2,Front,0.6,90.0,8.830021858,8.985947640059662,0.15592578205966134,0.017658595252331405
2,Front,0.6,100.0,9.056603432,9.082753721589107,0.0261502895891077,0.0028874279177014653
2,Front,0.6,110.0,9.338521004,9.166677842530044,-0.17184316146995648,-0.01840153932259191
2,Front,0.6,120.0,9.174312592,8.964535288739288,-0.20977730326071153,-0.0228657243970123
2,Front,0.6,130.0,8.908685684,8.970064941606841,0.061379257606841264,0.006889821886642428
2,Front,0.6,140.0,9.07029438,8.886323032928843,-0.18397134707115725,-0.02028284191931125
2,Front,0.6,150.0,8.961912155,9.25664363812466,0.294731483124659,0.0328871202961104
2,Front,0.6,160.0,9.273570061,8.828352321555085,-0.4452177394449137,-0.04800931426800527
2,Front,0.6,170.0,9.042953491,8.918401945829697,-0.12455154517030387,-0.013773325860214122
2,Front,0.6,180.0,9.188361168,9.074436202372919,-0.11392496562708132,-0.012398834084128518
2,Front,0.6,190.0,9.561753273,9.149864948493896,-0.4118883245061049,-0.04307665265419204
2,Front,0.6,200.0,9.174312592,8.79833746964349,-0.3759751223565093,-0.040981285364568854
2,Front,0.6,210.0,9.04977417,9.186819645679003,0.13704547567900427,0.01514352436918371
2,Front,0.6,220.0,9.195402145,8.999095168669653,-0.19630697633034622,-0.021348384033110304
2,Front,0.6,230.0,9.111617088,9.323308968497809,0.21169188049780985,0.023233184455985104
2,Front,0.6,240.0,9.111617088,8.592350840060167,-0.5192662479398322,-0.05698947211288169
2,Front,0.6,250.0,8.948545456,9.041633252711504,0.09308779671150447,0.010402561753663452
2,Front,0.6,260.0,9.309542656,9.226105154022372,-0.08343750197762745,-0.008962577976250207
2,Front,0.6,270.0,9.063444138,9.066439603903119,0.0029954659031190545,0.0003304997369112769
2,Front,0.6,280.0,9.202453613,9.099236074084715,-0.10321753891528473,-0.011216306352196413
2,Front,0.6,290.0,9.063444138,8.274507743637967,-0.7889363943620324,-0.08704598189713392
2,Front,0.6,300.0,9.188361168,9.260322626773243,0.07196145877324334,0.007831805635139933
3,Front,0.6,0.0,12.11631584,8.295162556479012,-3.8211532835209887,-0.31537253848286845
3,Front,0.6,10.0,12.58741283,11.649567166811666,-0.9378456631883338,-0.07450662625072049
3,Front,0.6,20.0,12.62272072,8.318081610002283,-4.3046391099977175,-0.34102308095728173
3,Front,0.6,30.0,12.53481865,12.031273874816485,-0.5035447751835154,-0.04017168410996639
3,Front,0.6,40.0,12.5,11.977212760380992,-0.5227872396190083,-0.041822979169520665
3,Front,0.6,50.0,12.51738548,11.979432111487542,-0.5379533685124578,-0.042976496119895624
3,Front,0.6,60.0,13.82488441,11.951567861724024,-1.8733165482759748,-0.13550323407557335
3,Front,0.6,70.0,12.55230141,11.743580458726003,-0.8087209512739975,-0.06442810165709664
3,Front,0.6,80.0,12.33552647,11.764537078927539,-0.5709893910724606,-0.046288206057609846
3,Front,0.6,90.0,12.55230141,12.135343472535194,-0.41695793746480625,-0.033217648608455955
3,Front,0.6,100.0,12.52609634,11.509037297343019,-1.0170590426569817,-0.08119521158472758
3,Front,0.6,110.0,12.55230141,12.08197612910579,-0.47032528089421,-0.03746924691590958
3,Front,0.6,120.0,12.43093872,11.87040135077988,-0.5605373692201212,-0.04509211909461663
3,Front,0.6,130.0,12.46537399,11.831718660862366,-0.6336553291376337,-0.05083323850900631
3,Front,0.6,140.0,12.52609634,12.06687087267681,-0.4592254673231899,-0.03666149891061671
3,Front,0.6,150.0,12.52609634,11.939604792066923,-0.5864915479330772,-0.04682157409728793
3,Front,0.6,160.0,12.53481865,11.794086285776539,-0.7407323642234616,-0.05909398332009068
3,Front,0.6,170.0,12.44813251,11.91211587984824,-0.5360166301517602,-0.04306000355644994
3,Front,0.6,180.0,12.26158047,11.997919845247278,-0.26366062475272223,-0.021502988574581546
3,Front,0.6,190.0,12.48266315,11.82703747680555,-0.6556256731944501,-0.05252290038720223
3,Front,0.6,200.0,12.5,11.928465991896825,-0.5715340081031748,-0.04572272064825398
3,Front,0.6,210.0,11.94267559,11.8129800848047,-0.1296955051953006,-0.010859836576646104
3,Front,0.6,220.0,11.98083019,12.058807708781128,0.07797751878112713,0.006508523828858902
3,Front,0.6,230.0,12.02886963,11.79993023588365,-0.22893939411635067,-0.019032494420371457
3,Front,0.6,240.0,12.49132538,12.1525093840651,-0.3388159959348993,-0.027124102977685728
3,Front,0.6,250.0,12.51738548,11.877999327673589,-0.639386152326411,-0.05107984837153158
3,Front,0.6,260.0,12.56106091,11.87311543670486,-0.6879454732951409,-0.05476810264867515
3,Front,0.6,270.0,12.5,11.875170683745717,-0.6248293162542833,-0.04998634530034266
3,Front,0.6,280.0,11.96172237,11.650814923704285,-0.3109074462957153,-0.025991862766809502
3,Front,0.6,290.0,12.43953037,12.183598060396003,-0.25593230960399715,-0.02057411349074886
3,Front,0.6,300.0,12.47401237,11.933886777975193,-0.5401255920248076,-0.043300068655039145
4,Front,0.6,0.0,6.091370106,15.773108032258415,9.681737926258414,1.5894187609322739
4,Front,0.6,10.0,6.446991444,15.927127535939425,9.480136091939425,1.470474433584408
4,Front,0.6,20.0,6.554988861,15.85196197166229,9.29697311066229,1.4183049441893307
4,Front,0.6,30.0,5.964214325,15.347208144118397,9.382993819118397,1.5732153990154263
4,Front,0.6,40.0,5.78592062,15.554662525803819,9.768741905803818,1.6883643152718917
4,Front,0.6,50.0,5.88812542,15.894610911745499,10.006485491745499,1.6994348418185528
4,Front,0.6,60.0,5.882352829,15.9195199418215,10.0371671128215,1.7063184417191477
4,Front,0.6,70.0,6.243496418,15.913236052606633,9.669739634606632,1.5487699499160075
4,Front,0.6,80.0,6.122449398,15.857253099468261,9.734803701468262,1.5900178292446645
4,Front,0.6,90.0,5.917159557,15.815876944495924,9.898717387495925,1.6728832968152332
4,Front,0.6,100.0,6.141248703,15.762020098586168,9.620771395586168,1.5665822800640563
4,Front,0.6,110.0,6.465517521,15.799173550465577,9.333656029465576,1.4436054034576293
4,Front,0.6,120.0,6.012023926,15.90450061161144,9.892476685611438,1.645448655456904
4,Front,0.6,130.0,5.859375,15.87826607760814,10.01889107760814,1.7098907439117892
4,Front,0.6,140.0,5.84225893,15.466318410439175,9.624059480439175,1.6473182027279945
4,Front,0.6,150.0,5.597014904,15.200148240359196,9.603133336359196,1.715759829314758
4,Front,0.6,160.0,6.097560883,15.482531011170527,9.384970128170528,1.539135124396351
4,Front,0.6,170.0,6.263047695,15.758579363254011,9.49553166825401,1.5161199675733925
4,Front,0.6,180.0,6.456241131,15.802962429753917,9.346721298753916,1.4477032547429365
4,Front,0.6,190.0,5.923001289,15.683477251216642,9.760475962216642,1.6478936076450754
4,Front,0.6,200.0,6.153846264,15.794487691999317,9.640641427999316,1.5666042040076735
4,Front,0.6,210.0,6.451612949,16.075420282102495,9.623807333102494,1.4916901260473452
4,Front,0.6,220.0,6.681514263,16.425102650463746,9.743588387463745,1.4582904419467442
4,Front,0.6,230.0,5.524862289,16.091399496383765,10.566537207383766,1.912543092417297
4,Front,0.6,240.0,5.347593307,15.084268281413044,9.736674974413043,1.8207583141499812
4,Front,0.6,250.0,6.147541046,14.741525769874242,8.593984723874243,1.3979548342285673
4,Front,0.6,260.0,5.97014904,15.539437061982111,9.56928802198211,1.6028558010642413
4,Front,0.6,270.0,6.230529308,15.880956552084323,9.650427244084323,1.5488936440268684
4,Front,0.6,280.0,6.230529308,15.892944540217739,9.66241523221774,1.550817716210916
4,Front,0.6,290.0,5.84795332,15.999962266718796,10.152008946718796,1.7359934991271093
4,Front,0.6,300.0,5.698005676,15.91036641468331,10.212360738683309,1.7922693165606647
5,Front,0.6,0.0,8.995502472,23.74212255676453,14.746620084764531,1.6393325587609857
5,Front,0.6,10.0,9.404389381,23.52312821387975,14.118738832879751,1.5012924562018144
5,Front,0.6,20.0,9.473684311,15.863162890641938,6.389478579641938,0.6744449540315635
5,Front,0.6,30.0,9.195402145,8.685502548212458,-0.509899596787541,-0.055451582078419374
5,Front,0.6,40.0,9.04977417,8.204196822882157,-0.8455773471178425,-0.09343629257854094
5,Front,0.6,50.0,9.077156067,16.085450738806216,7.008294671806215,0.7720804423849084
5,Front,0.6,60.0,8.921933174,23.73641857628913,14.81448540228913,1.6604568890362248
5,Front,0.6,70.0,9.029345512,23.47335255765201,14.44400704565201,1.5996737555846017
5,Front,0.6,80.0,9.273570061,23.414416222253024,14.140846161253025,1.5248546210614569
5,Front,0.6,90.0,9.015777588,23.452647515175002,14.436869927175001,1.6012894934753574
5,Front,0.6,100.0,9.077156067,23.52250809001546,14.44535202301546,1.5913962386888483
5,Front,0.6,110.0,8.921933174,23.56993600392651,14.648002829926511,1.6417969675690056
5,Front,0.6,120.0,9.216589928,23.42805674412001,14.21146681612001,1.5419441384655268
5,Front,0.6,130.0,9.153318405,23.578674232666472,14.425355827666472,1.575970067837542
5,Front,0.6,140.0,9.029345512,23.58776417844918,14.55841866644918,1.6123448423920694
5,Front,0.6,150.0,8.856088638,22.985878588262416,14.129789950262417,1.5954887679910796
5,Front,0.6,160.0,8.784772873,22.40122710107486,13.61645422807486,1.5500064059624163
5,Front,0.6,170.0,9.08402729,19.581303900177282,10.497276610177282,1.1555751953467857
5,Front,0.6,180.0,8.908685684,7.218072436897462,-1.6906132471025384,-0.18977134305443955
5,Front,0.6,190.0,9.181330681,7.0353309196706,-2.1459997613294,-0.23373515625249922
5,Front,0.6,200.0,9.04977417,21.179906870599257,12.130132700599258,1.340379602046938
5,Front,0.6,210.0,9.259259224,23.801585360690265,14.542326136690265,1.570571228743284
5,Front,0.6,220.0,9.015777588,23.84698065215341,14.831203064153408,1.6450276106959136
5,Front,0.6,230.0,9.036144257,23.555513782745237,14.519369525745237,1.6068102846518375
5,Front,0.6,240.0,9.07029438,23.254503706630693,14.184209326630693,1.563809148014741
5,Front,0.6,250.0,8.908685684,23.164225453313257,14.255539769313257,1.6001843902649082
5,Front,0.6,260.0,9.139375687,23.376896771005768,14.237521084005769,1.5578220626445476
5,Front,0.6,270.0,8.995502472,23.74311680248286,14.74761433048286,1.6394430857405982
5,Front,0.6,280.0,8.915305138,23.708237561088005,14.792932423088004,1.6592738211545444
5,Front,0.6,290.0,8.645533562,23.30968207023118,14.664148508231179,1.6961530948980403
5,Front,0.6,300.0,8.19112587,22.856158883015947,14.665033013015947,1.790356203257312
6,Front,0.6,0.0,12.24489784,30.620313462668186,18.375415622668186,1.5006589571243156
6,Front,0.6,10.0,12.36263752,23.730575914876685,11.367938394876685,0.9195398940141929
6,Front,0.6,20.0,12.32032871,7.91134023918429,-4.40898847081571,-0.35786289267080035
6,Front,0.6,30.0,12.35415268,5.536729043492544,-6.817423636507456,-0.5518325548577773
6,Front,0.6,40.0,12.07729435,5.03538857068555,-7.041905779314451,-0.5830698147482387
6,Front,0.6,50.0,12.00960732,28.492944085393614,16.483336765393613,1.3725125498436042
6,Front,0.6,60.0,11.96172237,31.391594369642842,19.42987199964284,1.624337315199102
6,Front,0.6,70.0,12.10653782,31.369874163361303,19.263336343361303,1.5911515438822048
6,Front,0.6,80.0,11.86708832,31.240763399786285,19.373675079786285,1.6325550596210852
6,Front,0.6,90.0,12.06757832,31.161442778413015,19.093864458413016,1.5822449170906243
6,Front,0.6,100.0,12.03852367,31.300459523384724,19.261935853384724,1.6000247523195446
6,Front,0.6,110.0,11.90476227,31.375076947986997,19.470314677986998,1.6355063827735719
6,Front,0.6,120.0,11.92368793,31.17595974026722,19.25227181026722,1.6146239253568944
6,Front,0.6,130.0,12.02886963,31.02534902193554,18.996479391935537,1.579240608324353
6,Front,0.6,140.0,11.96172237,31.00635220067067,19.04462983067067,1.5921310695552173
6,Front,0.6,150.0,11.84834194,30.84314477100859,18.99480283100859,1.603161263170684
6,Front,0.6,160.0,12.20504475,30.75656529360517,18.55152054360517,1.5199879167673818
6,Front,0.6,170.0,12.26158047,31.098411671296986,18.836831201296988,1.5362482224362866
6,Front,0.6,180.0,12.36263752,31.787389810485262,19.424752290485262,1.5712466097190287
6,Front,0.6,190.0,12.29508209,31.78714287754815,19.492060787548148,1.5853542615548448
6,Front,0.6,200.0,12.31190205,31.453686610987912,19.14178456098791,1.5547382104934722
6,Front,0.6,210.0,11.97126865,31.106769564131614,19.13550091413161,1.5984522170197568
6,Front,0.6,220.0,12.35415268,31.087908573233165,18.733755893233166,1.5163934248247581
6,Front,0.6,230.0,12.29508209,31.360912669196292,19.065830579196295,1.5506875382884324
6,Front,0.6,240.0,11.84834194,31.443901792624864,19.595559852624866,1.65386515276625
6,Front,0.6,250.0,11.89532185,31.250189898580082,19.35486804858008,1.6270991481058648
6,Front,0.6,260.0,12.11631584,31.141988398502047,19.025672558502045,1.570252278806727
6,Front,0.6,270.0,12.05787849,31.21875294703961,19.16087445703961,1.589075099150349
6,Front,0.6,280.0,12.01923084,31.218620656436816,19.199389816436813,1.597389223322115
6,Front,0.6,290.0,12.34567928,31.185887219745172,18.84020793974517,1.5260568100344472
6,Front,0.6,300.0,12.32032871,31.263886781175337,18.94355807117534,1.5375854424890048
7,Front,0.6,0.0,6.179196835,4.563165075039141,-1.6160317599608591,-0.26152780096069866
7,Front,0.6,10.0,6.302520752,5.4244118400767976,-0.8781089119232028,-0.1393266196933266
7,Front,0.6,20.0,5.97014904,5.024316937887369,-0.9458321021126306,-0.15842688277554803
7,Front,0.6,30.0,5.917159557,5.506066808793076,-0.411092748206924,-0.06947467686934372
7,Front,0.6,40.0,5.988024235,4.4653679157319335,-1.5226563192680667,-0.25428359330413874
7,Front,0.6,50.0,5.8139534,5.652331706470979,-0.16162169352902112,-0.027798931709535395
7,Front,0.6,60.0,6.08519268,5.46172849369504,-0.6234641863049593,-0.10245594824861969
7,Front,0.6,70.0,6.0,4.880885303632323,-1.119114696367677,-0.1865191160612795
7,Front,0.6,80.0,5.940593719,5.65241163977619,-0.2881820792238097,-0.04851065278241588
7,Front,0.6,90.0,6.224066734,5.429216626719284,-0.7948501072807161,-0.1277059101790659
7,Front,0.6,100.0,6.166495323,5.419033506999667,-0.7474618160003335,-0.12121339218606482
7,Front,0.6,110.0,6.072874546,4.900680224552353,-1.1721943214476473,-0.1930213299432857
7,Front,0.6,120.0,5.876591206,5.1713688909971856,-0.7052223150028141,-0.12000533817679578
7,Front,0.6,130.0,6.018054485,5.124787776862373,-0.8932667081376273,-0.14843114338098706
7,Front,0.6,140.0,6.230529308,4.859971391649076,-1.3705579163509247,-0.2199745557076713
7,Front,0.6,150.0,6.042295933,5.2771903303748156,-0.7651056026251846,-0.1266249801580489
7,Front,0.6,160.0,5.946481705,4.805561621314779,-1.140920083685221,-0.1918647261162676
7,Front,0.6,170.0,5.736137867,3.993293465072112,-1.7428444019278881,-0.30383586349178804
7,Front,0.6,180.0,6.0,4.527535316588689,-1.472464683411311,-0.24541078056855184
7,Front,0.6,190.0,6.116208076,6.340530897674612,0.22432282167461182,0.03667678059463911
7,Front,0.6,200.0,5.78592062,5.085717406247414,-0.7002032137525855,-0.12101846183859079
7,Front,0.6,210.0,6.122449398,5.069648963992676,-1.0528004340073238,-0.17195739246962805
7,Front,0.6,220.0,6.185567379,5.476896093165069,-0.7086712858349307,-0.1145685177144573
7,Front,0.6,230.0,5.623242855,4.893613014701621,-0.7296298402983794,-0.12975250386876264
7,Front,0.6,240.0,6.329113483,5.202939414443426,-1.1261740685565744,-0.17793551523155307
7,Front,0.6,250.0,6.833713055,4.442638170060196,-2.391074884939804,-0.3498939545303756
7,Front,0.6,260.0,5.8139534,6.279312471984189,0.4653590719841887,0.08004176159791523
7,Front,0.6,270.0,5.581395626,4.7302627932687855,-0.8511328327312144,-0.15249462495838034
7,Front,0.6,280.0,5.988024235,4.738387797788402,-1.2496364372115982,-0.2086892751548121
7,Front,0.6,290.0,6.3157897,5.575823015111022,-0.7399666848889774,-0.11716138757580505
7,Front,0.6,300.0,5.725190639,4.2691170021047125,-1.4560736368952876,-0.2543275374930773
8,Front,0.6,0.0,9.002250671,9.567164767120355,0.5649140961203543,0.06275254008868891
8,Front,0.6,10.0,9.716599464,4.706190207657322,-5.010409256342678,-0.5156546047726104
8,Front,0.6,20.0,9.338521004,4.519491903628403,-4.819029100371598,-0.516037721423708
8,Front,0.6,30.0,9.569377899,5.665092500453723,-3.9042853985462758,-0.4079978280463011
8,Front,0.6,40.0,8.888889313,4.11059673184015,-4.77829258115985,-0.5375578897322523
8,Front,0.6,60.0,9.577014923,5.389576085642656,-4.187438837357345,-0.43723841625231896
8,Front,0.6,70.0,9.230769157,8.142845766811023,-1.0879233901889762,-0.11785836821235722
8,Front,0.6,80.0,9.280742645,8.440375736514206,-0.8403669084857945,-0.0905495325784669
8,Front,0.6,90.0,8.639308929,8.599381818235331,-0.03992711076466904,-0.004621563031580421
8,Front,0.6,100.0,9.654062271,8.480379652950202,-1.1736826180497992,-0.12157396390278567
8,Front,0.6,110.0,8.982035637,8.69771892500658,-0.28431671199341935,-0.03165392829463112
8,Front,0.6,120.0,9.654062271,8.452839889833374,-1.2012223811666267,-0.12442662450759187
8,Front,0.6,130.0,8.975317955,7.955325723147984,-1.0199922318520152,-0.11364413349655146
8,Front,0.6,140.0,9.654062271,9.100772363218173,-0.5532899077818278,-0.05731161579968928
8,Front,0.6,150.0,9.022556305,8.808616057470875,-0.21394024752912522,-0.023711710993764224
8,Front,0.6,160.0,10.00667095,8.732790661605858,-1.2738802883941425,-0.12730310557420121
8,Front,0.6,170.0,9.022556305,8.755812044094311,-0.26674426090568915,-0.02956415586543565
8,Front,0.6,180.0,9.654062271,8.920426151638779,-0.733636119361222,-0.07599247847872329
8,Front,0.6,190.0,9.07029438,9.036530405227698,-0.03376397477230242,-0.00372247838468749
8,Front,0.6,200.0,9.638554573,8.770225986452521,-0.868328586547479,-0.09008908752562177
8,Front,0.6,210.0,9.04977417,7.885604983515754,-1.1641691864842452,-0.12864068921669514
8,Front,0.6,220.0,9.654062271,7.633423410481719,-2.0206388605182815,-0.20930451905081576
8,Front,0.6,230.0,9.022556305,8.12857292193221,-0.8939833830677895,-0.09908315923419327
8,Front,0.6,240.0,9.456264496,7.929522912364095,-1.5267415836359044,-0.16145292724010799
8,Front,0.6,250.0,8.888889313,8.185416849826632,-0.7034724631733678,-0.07914064833100569
8,Front,0.6,260.0,9.546539307,8.754459767899421,-0.7920795391005786,-0.08297033235067564
8,Front,0.6,270.0,8.961912155,8.712753850030314,-0.24915830496968638,-0.027801913326128375
8,Front,0.6,280.0,9.554140091,9.129626204211922,-0.42451388678807866,-0.0444324536530473
8,Front,0.6,290.0,8.895478249,8.891031454236638,-0.004446794763362405,-0.000499893838070179
8,Front,0.6,300.0,9.137055397,8.128521415971388,-1.0085339810286111,-0.11037844657916232
9,Front,0.6,0.0,9.209516525,8.513771834259416,-0.6957446907405842,-0.07554627746765287
9,Front,0.6,10.0,11.89532185,9.136519997210158,-2.7588018527898424,-0.23192326257148244
9,Front,0.6,20.0,12.12611103,5.672030373148781,-6.45408065685122,-0.5322465414413429
9,Front,0.6,40.0,12.13592243,10.123328824310667,-2.012593605689334,-0.16583771174362508
9,Front,0.6,50.0,12.01923084,11.03285164120417,-0.9863791987958308,-0.0820667488566041
9,Front,0.6,60.0,12.15559196,5.1253323677504685,-7.030259592249532,-0.5783560040007736
9,Front,0.6,70.0,12.05787849,10.980091388140957,-1.0777871018590428,-0.08938447196601687
9,Front,0.6,80.0,11.96172237,11.869460914861634,-0.0922614551383667,-0.007713057725679909
9,Front,0.6,90.0,12.05787849,11.729354497839445,-0.32852399216055517,-0.027245588221262225
9,Front,0.6,100.0,12.62272072,11.753142191201887,-0.8695785287981135,-0.06888994441747527
9,Front,0.6,110.0,11.90476227,12.067870775042973,0.16310850504297214,0.013701114003259482
9,Front,0.6,120.0,11.99040794,11.48608969222203,-0.5043182477779702,-0.042060140931115826
9,Front,0.6,130.0,12.67605686,11.957268183147386,-0.718788676852613,-0.056704437727854516
9,Front,0.6,140.0,11.99040794,12.099469485810186,0.10906154581018512,0.009095732718680555
9,Front,0.6,150.0,12.04819298,12.12827320121409,0.0800802212140912,0.006646658245516516
9,Front,0.6,160.0,12.01923084,11.29511633170783,-0.7241145082921712,-0.06024632673517827
9,Front,0.6,170.0,12.0,11.625543823441559,-0.3744561765584411,-0.03120468137987009
9,Front,0.6,180.0,11.97126865,12.056516842056668,0.08524819205666745,0.0071210658242697985
9,Front,0.6,190.0,12.00960732,11.355453120221773,-0.6541541997782279,-0.054469241362192
9,Front,0.6,200.0,11.87648487,10.445108248402365,-1.4313766215976358,-0.12052190839844312
9,Front,0.6,210.0,12.05787849,11.166547158380139,-0.8913313316198614,-0.07392107428840589
9,Front,0.6,220.0,12.64933205,11.754297080008262,-0.8950349699917375,-0.07075748873172616
9,Front,0.6,230.0,12.65822792,12.388141973946292,-0.27008594605370817,-0.021336789617049982
9,Front,0.6,240.0,12.07729435,10.222692772343844,-1.8546015776561564,-0.15356101490199717
9,Front,0.6,250.0,12.01923084,9.880037180032186,-2.1391936599678143,-0.17798091146137054
9,Front,0.6,260.0,12.59622192,9.36759508581921,-3.2286268341807904,-0.2563170810014429
9,Front,0.6,270.0,12.05787849,8.540796283236126,-3.517082206763874,-0.2916833346496821
9,Front,0.6,280.0,12.14574909,3.6903842112675624,-8.45536487873244,-0.6961583691609455
9,Front,0.6,290.0,12.04819298,4.020613450607852,-8.027579529392147,-0.6662890893860954
9,Front,0.6,300.0,12.01923084,10.808943227051,-1.210287612949001,-0.10069592880445925
10,Front,0.6,0.0,12.14574909,35.38695785305282,23.241208763052818,1.91352617206526
10,Front,0.6,10.0,12.0,32.6161497021827,20.616149702182703,1.718012475181892
10,Front,0.6,20.0,15.95744705,10.12643015908635,-5.83101689091365,-0.36541038630071154
10,Front,0.6,30.0,17.32673264,9.339972002918694,-7.986760637081305,-0.46095018622514544
10,Front,0.6,40.0,14.76793194,9.0746308093323,-5.693301130667701,-0.38551783376296495
10,Front,0.6,50.0,13.412817,9.23206111665183,-4.180755883348171,-0.3116985703561132
10,Front,0.6,60.0,14.83050823,35.08216994977579,20.25166171977579,1.3655406413388835
10,Front,0.6,70.0,14.55133343,40.89319780364543,26.34186437364543,1.810271512254491
10,Front,0.6,80.0,15.75393772,42.712634341007636,26.958696621007636,1.711235444760133
10,Front,0.6,90.0,16.25387001,21.268155449460586,5.014285439460586,0.30849794149796983
10,Front,0.6,100.0,15.8490572,6.846769111808104,-9.002288088191897,-0.5680014889587184
10,Front,0.6,110.0,14.49275303,7.095307228688214,-7.397445801311785,-0.5104237811821586
10,Front,0.6,120.0,14.50443172,6.6274005869453445,-7.877031133054655,-0.5430775424447071
10,Front,0.6,130.0,14.76620197,5.510559016522846,-9.255642953477153,-0.6268127018905426
10,Front,0.6,140.0,15.0645628,5.162102764047105,-9.902460035952895,-0.6573347110978153
10,Front,0.6,150.0,14.86199665,5.981393094377949,-8.880603555622052,-0.5975377174924913
10,Front,0.6,160.0,14.48275948,6.9536788104932725,-7.529080669506728,-0.519865063001566
10,Front,0.6,170.0,13.21585941,18.562085024197216,5.346225614197216,0.40453105986825993
10,Front,0.6,180.0,13.59516621,36.26492254947725,22.669756339477246,1.667486516112056
10,Front,0.6,190.0,14.08450699,37.540485857247724,23.455978867247723,1.6653745057531277
10,Front,0.6,200.0,14.92537308,38.3560826998749,23.430709619874897,1.5698575502458996
10,Front,0.6,210.0,14.86199665,37.33281256029899,22.470815910298988,1.5119648079249828
10,Front,0.6,220.0,14.39342022,36.03809813195455,21.64467791195455,1.5037897581756665
10,Front,0.6,230.0,14.86199665,13.89550508191926,-0.9664915680807393,-0.06503107158759448
10,Front,0.6,240.0,16.31543159,9.042518180744171,-7.272913409255828,-0.4457689868108373
10,Front,0.6,250.0,17.5953083,8.436529268234755,-9.158779031765244,-0.5205239303346133
10,Front,0.6,260.0,16.10738182,8.585968303572209,-7.521413516427792,-0.46695444365071814
10,Front,0.6,270.0,14.18918896,8.007175327671423,-6.182013632328577,-0.43568477731574146
10,Front,0.6,280.0,12.02886963,7.309565282796068,-4.719304347203932,-0.39233149018707353
10,Front,0.6,290.0,12.59622192,9.525071210522418,-3.071150709477582,-0.24381522721517612
10,Front,0.6,300.0,14.78873253,14.936784258516015,0.14805172851601434,0.010011116788790441
11,Front,0.6,0.0,16.41586876,17.17122503537672,0.7553562753767231,0.04601378619797903
11,Front,0.6,10.0,16.22874832,10.062903930427822,-6.165844389572179,-0.37993345315322374
11,Front,0.6,20.0,9.748171806,3.8045865876237444,-5.943585218376256,-0.6097128094026799
11,Front,0.6,30.0,17.27861786,4.787169822632441,-12.49144803736756,-0.7229425489110018
11,Front,0.6,40.0,18.13297462,9.924362184869842,-8.208612435130156,-0.4526897879224053
11,Front,0.6,50.0,14.85148525,15.295618779042293,0.4441335290422934,0.029904990751163655
11,Front,0.6,60.0,13.45291424,9.585515705430788,-3.8673985345692117,-0.28747663633134196
11,Front,0.6,70.0,14.10342503,15.00918780391927,0.9057627739192693,0.06422289422552199
11,Front,0.6,80.0,15.05376339,17.174790623193495,2.1210272331934945,0.14089680953816922
11,Front,0.6,90.0,15.57863522,7.03643597247218,-8.54219924752782,-0.5483278301915218
11,Front,0.6,100.0,16.29327965,7.311523680725198,-8.9817559692748,-0.5512552513805777
11,Front,0.6,110.0,16.62707901,16.531873099045118,-0.09520591095488129,-0.005725955286410905
11,Front,0.6,120.0,15.86102772,16.369810078739846,0.5087823587398468,0.0320775152607732
11,Front,0.6,130.0,15.57863522,14.25601345853583,-1.3226217614641715,-0.0848997195701827
11,Front,0.6,140.0,16.11665344,13.746565894551225,-2.3700875454487758,-0.14705829310484794
11,Front,0.6,150.0,15.59020042,14.710183616804448,-0.8800168031955522,-0.05644679218277504
11,Front,0.6,160.0,14.62395573,15.07120384279582,0.447248112795819,0.03058325127983815
11,Front,0.6,170.0,14.29706097,15.705749937013566,1.4086889670135658,0.09852996849978221
11,Front,0.6,180.0,14.66480446,15.363650242908179,0.6988457829081796,0.047654626750350794
11,Front,0.6,190.0,15.36210728,15.696261408419375,0.33415412841937453,0.021751841874871645
11,Front,0.6,200.0,15.373353,13.726604477967184,-1.6467485220328157,-0.10711706951845935
11,Front,0.6,210.0,15.373353,9.368259542134512,-6.005093457865488,-0.3906170279096231
11,Front,0.6,220.0,15.53254414,12.507397437123945,-3.0251467028760555,-0.194761828816284
11,Front,0.6,230.0,14.3084259,14.143539800901399,-0.16488609909860052,-0.011523706398661262
11,Front,0.6,240.0,14.29543877,11.558195834421602,-2.737242935578399,-0.19147666466332594
11,Front,0.6,250.0,14.09553623,13.274111392313568,-0.8214248376864326,-0.05827552952105268
11,Front,0.6,260.0,14.5328722,15.605849392391221,1.072977192391221,0.07383104851023331
11,Front,0.6,270.0,14.68531513,14.22638711285,-0.458928017149999,-0.03125081165010035
11,Front,0.6,280.0,15.26162815,16.436524894603817,1.1748967446038172,0.07698370927769048
11,Front,0.6,290.0,16.83029366,15.12358093115782,-1.706712728842179,-0.10140718654829337
11,Front,0.6,300.0,17.47997093,16.294829872849338,-1.1851410571506626,-0.06779994439903012
12,Front,0.6,0.0,16.88951492,4.258633080210961,-12.630881839789039,-0.747853440410652
12,Front,0.6,20.0,15.77761078,5.93057673178656,-9.847034048213441,-0.6241143976435094
12,Front,0.6,30.0,2.859866619,5.60605584743802,2.74618922843802,0.960250806870941
12,Front,0.6,40.0,13.30376911,5.337228265121097,-7.966540844878902,-0.598818333286521
12,Front,0.6,60.0,14.69387722,18.545423395669967,3.8515461756699683,0.26211912063805637
12,Front,0.6,70.0,14.37371731,16.154139743527008,1.7804224335270078,0.12386652632220216
12,Front,0.6,80.0,16.66666794,15.860103344467124,-0.8065645955328762,-0.04839387203468075
12,Front,0.6,90.0,15.29497433,4.643999536324348,-10.650974793675653,-0.6963708839173745
12,Front,0.6,100.0,16.47220421,16.070389615109143,-0.40181459489085825,-0.02439349280571226
12,Front,0.6,110.0,17.58241653,15.723537870232873,-1.858878659767127,-0.10572373010248137
12,Front,0.6,120.0,17.69911575,11.922884618324874,-5.776231131675127,-0.32635704592615744
12,Front,0.6,130.0,16.96284294,18.148910716611653,1.186067776611651,0.06992152086810814
12,Front,0.6,140.0,17.26618767,18.466126871928008,1.1999392019280073,0.06949647628427563
12,Front,0.6,150.0,16.51754951,18.79701755430332,2.2794680443033215,0.13800279774692328
12,Front,0.6,160.0,16.59751129,14.968227977913756,-1.629283312086244,-0.09816431413231737
12,Front,0.6,170.0,17.49271202,9.905656420065858,-7.587055599934141,-0.43372666235284774
12,Front,0.6,180.0,18.34862518,4.75641143234654,-13.59221374765346,-0.7407755956816303
12,Front,0.6,190.0,19.32712936,4.172972359589248,-15.154157000410752,-0.7840873167524942
12,Front,0.6,200.0,18.85474777,9.983709545925315,-8.871038224074685,-0.47049360364234055
12,Front,0.6,210.0,18.04511261,4.514021331785959,-13.531091278214042,-0.7498479821464545
12,Front,0.6,220.0,17.35357857,4.031346455869865,-13.322232114130134,-0.7676936523721363
12,Front,0.6,230.0,17.7909565,4.133145621864191,-13.657810878135809,-0.7676827762540934
12,Front,0.6,240.0,15.86102772,3.203729073371475,-12.657298646628524,-0.7980125165955214
12,Front,0.6,250.0,16.25387001,4.236728569431341,-12.01714144056866,-0.7393403191470865
12,Front,0.6,260.0,19.69365501,4.628770989096202,-15.064884020903799,-0.7649613041994584
12,Front,0.6,270.0,19.55105019,4.393769327440315,-15.157280862559688,-0.7752668381114562
12,Front,0.6,280.0,19.12181282,4.0530302512214025,-15.068782568778596,-0.7880415267436237
12,Front,0.6,290.0,18.40490913,4.282865286295036,-14.122043843704965,-0.7672976673753871
12,Front,0.6,300.0,19.09476662,3.8597349805302894,-15.235031639469712,-0.7978642495432453
