"Data Set 1:Time(s)","Data Set 1:Force(N)","Data Set 1:Respiration Rate(bpm)"
0,5.1073074340820312,7.0367474555969238
0.10000000000000001,5.6208572387695312,
0.20000000000000001,5.8763580322265625,
0.29999999999999999,5.5927505493164062,
0.40000000000000002,5.6566314697265625,
0.5,5.9300155639648438,
0.59999999999999998,6.185516357421875,
0.69999999999999996,6.4026870727539062,
0.80000000000000004,6.773162841796875,
0.90000000000000002,7.3454818725585938,
1,7.9535751342773438,
1.1000000000000001,8.3879241943359375,
1.2,8.5718841552734375,
1.3,8.6153182983398438,
1.3999999999999999,8.5974349975585938,
1.5,8.4543533325195312,
1.6000000000000001,8.1733016967773438,
1.7,7.841156005859375,
1.8,7.4681243896484375,
1.8999999999999999,7.0823211669921875,
2,6.80126953125,
2.1000000000000001,6.6403045654296875,
2.2000000000000002,6.479339599609375,
2.2999999999999998,6.1982879638671875,
2.3999999999999999,5.8942413330078125,
2.5,5.6949539184570312,
2.6000000000000001,5.587646484375,
2.7000000000000002,5.485443115234375,
2.7999999999999998,5.2784881591796875,
2.8999999999999999,5.0945281982421875,
3,4.9872207641601562,
3.1000000000000001,4.7291641235351562,
3.2000000000000002,4.3408050537109375,
3.2999999999999998,3.9831008911132812,
3.3999999999999999,3.7327117919921875,
3.5,3.5640869140625,
3.6000000000000001,3.5410919189453125,
3.7000000000000002,3.702056884765625,
3.7999999999999998,3.9371109008789062,
3.8999999999999999,4.1415176391601562,
4,4.289703369140625,
4.0999999999999996,4.381683349609375,
4.2000000000000002,4.3867950439453125,
4.2999999999999998,4.3791275024414062,
4.4000000000000004,4.4225616455078125,
4.5,4.4481124877929688,
4.5999999999999996,4.3740158081054688,
4.7000000000000002,4.2411575317382812,
4.7999999999999998,4.161956787109375,
4.9000000000000004,4.2615966796875,
5,4.6678466796875,
5.0999999999999996,5.081756591796875,
5.2000000000000002,5.1098556518554688,
5.2999999999999998,5.0689773559570312,
5.4000000000000004,5.1839523315429688,
5.5,5.2912673950195312,
5.5999999999999996,5.3372573852539062,
5.7000000000000002,5.2631607055664062,
5.7999999999999998,5.0868606567382812,
5.9000000000000004,5.0740890502929688,
6,5.4726715087890625,
6.0999999999999996,6.2059555053710938,
6.2000000000000002,6.9596786499023438,
6.2999999999999998,7.4093551635742188,
6.4000000000000004,7.62908935546875,
6.5,7.894805908203125,
6.5999999999999996,7.8437118530273438,
6.7000000000000002,7.3684768676757812,
6.7999999999999998,7.1845169067382812,
6.9000000000000004,7.4630126953125,
7,7.6725234985351562,
7.0999999999999996,7.4936752319335938,
7.2000000000000002,7.2688369750976562,
7.2999999999999998,7.2202911376953125,
7.4000000000000004,7.1283111572265625,
7.5,6.9801177978515625,
7.5999999999999996,6.7706069946289062,
7.7000000000000002,6.5457687377929688,
7.7999999999999998,6.3439254760742188,
7.9000000000000004,6.1241912841796875,
8,6.001556396484375,
8.0999999999999996,5.9504547119140625,
8.1999999999999993,5.8738021850585938,
8.3000000000000007,5.7741622924804688,
8.4000000000000004,5.6821823120117188,
8.5,5.577423095703125,
8.5999999999999996,5.4650039672851562,
8.6999999999999993,5.2784881591796875,
8.8000000000000007,5.0843124389648438,
8.9000000000000004,5.0153274536132812,
9,4.9642257690429688,
9.0999999999999996,4.8569107055664062,
9.1999999999999993,4.7470474243164062,
9.3000000000000007,4.6908416748046875,
9.4000000000000004,4.6627349853515625,
9.5,4.6525115966796875,
9.5999999999999996,4.6244125366210938,
9.6999999999999993,4.5554275512695312,
9.8000000000000007,4.4711074829101562,
9.9000000000000004,4.3663558959960938,
10,4.2564926147460938,7.7319583892822266
10.1,4.1364059448242188,
10.199999999999999,4.0571975708007812,
10.300000000000001,4.0393142700195312,
10.4,4.0214309692382812,
10.5,4.0035476684570312,
10.6,4.0086517333984375,
10.699999999999999,4.0290908813476562,
10.800000000000001,4.0495376586914062,
10.9,4.069976806640625,
11,4.0623092651367188,
11.1,4.0546417236328125,
11.199999999999999,4.0674209594726562,
11.300000000000001,4.0827484130859375,
11.4,4.1031875610351562,
11.5,4.1849517822265625,
11.6,4.3203659057617188,
11.699999999999999,4.4046783447265625,
11.800000000000001,4.4787750244140625,
11.9,4.8313674926757812,
12,5.3653564453125,
12.1,5.7409439086914062,
12.199999999999999,5.9862213134765625,
12.300000000000001,6.1420822143554688,
12.4,6.2979354858398438,
12.5,6.5738754272460938,
12.6,6.8165969848632812,
12.699999999999999,7.0720977783203125,
12.800000000000001,7.4757919311523438,
12.9,7.6342010498046875,
13,7.3480377197265625,
13.1,6.9596786499023438,
13.199999999999999,6.7041778564453125,
13.300000000000001,6.589202880859375,
13.4,6.5329971313476562,
13.5,6.4307937622070312,
13.6,6.3183746337890625,
13.699999999999999,6.3030471801757812,
13.800000000000001,6.3362579345703125,
13.9,6.3183746337890625,
14,6.26727294921875,
14.1,6.2366104125976562,
14.199999999999999,6.19317626953125,
14.300000000000001,6.0858688354492188,
14.4,5.9504547119140625,
14.5,5.9938888549804688,
14.6,6.2110671997070312,
14.699999999999999,6.433349609375,
14.800000000000001,6.4767837524414062,
14.9,6.3796920776367188,
15,6.405242919921875,
15.1,6.4921112060546875,
15.199999999999999,6.5023345947265625,
15.300000000000001,6.433349609375,
15.4,6.3592529296875,
15.5,6.3541412353515625,
15.6,6.3081512451171875,
15.699999999999999,6.1880722045898438,
15.800000000000001,6.0730972290039062,
15.9,5.871246337890625,
16,5.4598922729492188,
16.100000000000001,4.9974365234375,
16.199999999999999,4.5809707641601562,
16.300000000000001,4.1645126342773438,
16.399999999999999,3.8323593139648438,
16.5,3.6151809692382812,
16.600000000000001,3.5104293823242188,
16.699999999999999,3.4542160034179688,
16.800000000000001,3.3852310180664062,
16.899999999999999,3.334136962890625,
17,3.3085861206054688,
17.100000000000001,3.2753677368164062,
17.199999999999999,3.2396011352539062,
17.300000000000001,3.28814697265625,
17.399999999999999,3.4669952392578125,
17.5,3.7684860229492188,
17.600000000000001,4.1951675415039062,
17.699999999999999,4.713836669921875,
17.800000000000001,5.2682723999023438,
17.899999999999999,5.8227005004882812,
18,6.405242919921875,
18.100000000000001,6.9775619506835938,
18.199999999999999,7.0439910888671875,
18.300000000000001,6.4129104614257812,
18.399999999999999,5.8738021850585938,
18.5,5.7562713623046875,
18.600000000000001,5.7562713623046875,
18.699999999999999,5.8763580322265625,
18.800000000000001,5.9785614013671875,
18.899999999999999,5.9530105590820312,
19,5.9044647216796875,
19.100000000000001,5.7997055053710938,
19.199999999999999,5.60552978515625,
19.300000000000001,5.4701156616210938,
19.399999999999999,5.4624481201171875,
19.5,5.5007705688476562,
19.600000000000001,5.54931640625,
19.699999999999999,5.5620956420898438,
19.800000000000001,5.5339889526367188,
19.899999999999999,5.5237655639648438,
20,5.6029739379882812,10.647737503051758
20.100000000000001,5.6898422241210938,
20.199999999999999,5.6208572387695312,
20.300000000000001,5.449676513671875,
20.399999999999999,5.2606048583984375,
20.5,5.0792007446289062,
20.600000000000001,4.9999923706054688,
20.699999999999999,5.2043914794921875,
20.800000000000001,5.6770706176757812,
20.899999999999999,6.0603179931640625,
21,6.277496337890625,
21.100000000000001,6.571319580078125,
21.199999999999999,6.9622344970703125,
21.300000000000001,7.3838119506835938,
21.399999999999999,7.7593917846679688,
21.5,7.9816818237304688,
21.600000000000001,7.876922607421875,
21.699999999999999,7.5447769165039062,
21.800000000000001,7.2943801879882812,
21.899999999999999,7.1487503051757812,
22,7.07720947265625,
22.100000000000001,7.0950927734375,
22.199999999999999,7.066986083984375,
22.300000000000001,6.9469070434570312,
22.399999999999999,6.7987136840820312,
22.5,6.6428604125976562,
22.600000000000001,6.5202178955078125,
22.699999999999999,6.4691162109375,
22.800000000000001,6.4818954467773438,
22.899999999999999,6.5968704223632812,
23,6.9264602661132812,
23.100000000000001,7.2739410400390625,
23.199999999999999,7.4681243896484375,
23.300000000000001,7.51922607421875,
23.399999999999999,7.4834518432617188,
23.5,7.5013351440429688,
23.600000000000001,7.6495285034179688,
23.699999999999999,7.5856552124023438,
23.800000000000001,7.1666336059570312,
23.899999999999999,6.8958053588867188,
24,6.8702545166015625,
24.100000000000001,6.7067337036132812,
24.199999999999999,6.3822479248046875,
24.300000000000001,6.0909805297851562,
24.399999999999999,5.7843780517578125,
24.5,5.5058822631835938,
24.600000000000001,5.2861557006835938,
24.699999999999999,5.0510940551757812,
24.800000000000001,4.7649307250976562,
24.899999999999999,4.4583358764648438,
25,4.1108551025390625,
25.100000000000001,3.6943893432617188,
25.199999999999999,3.352020263671875,
25.300000000000001,3.1782760620117188,
25.399999999999999,3.1322860717773438,
25.5,3.1476211547851562,
25.600000000000001,3.1706161499023438,
25.699999999999999,3.2114944458007812,
25.800000000000001,3.2625961303710938,
25.899999999999999,3.2983627319335938,
26,3.3494644165039062,
26.100000000000001,3.4235610961914062,
26.199999999999999,3.461883544921875,
26.300000000000001,3.4669952392578125,
26.399999999999999,3.4874343872070312,
26.5,3.5308685302734375,
26.600000000000001,3.553863525390625,
26.699999999999999,3.5589752197265625,
26.800000000000001,3.5921859741210938,
26.899999999999999,3.6841659545898438,
27,3.8272476196289062,
27.100000000000001,4.0214309692382812,
27.199999999999999,4.2207183837890625,
27.300000000000001,4.3944625854492188,
27.399999999999999,4.6908416748046875,
27.5,5.1226348876953125,
27.600000000000001,5.2478256225585938,
27.699999999999999,4.9718856811523438,
27.800000000000001,4.8109207153320312,
27.899999999999999,4.851806640625,
28,4.86968994140625,
28.100000000000001,4.8543624877929688,
28.199999999999999,4.8543624877929688,
28.300000000000001,4.8134765625,
28.399999999999999,4.7266082763671875,
28.5,4.6933975219726562,
28.600000000000001,4.6933975219726562,
28.699999999999999,4.6474075317382812,
28.800000000000001,4.5886383056640625,
28.899999999999999,4.4941024780273438,
29,4.4251174926757812,
29.100000000000001,4.4659957885742188,
29.199999999999999,4.4711074829101562,
29.300000000000001,4.42767333984375,
29.399999999999999,4.39190673828125,
29.5,4.3893508911132812,
29.600000000000001,4.437896728515625,
29.699999999999999,4.4634475708007812,
29.800000000000001,4.4532241821289062,
29.899999999999999,4.4200057983398438,
30,4.3612442016601562,11.86943531036377
30.100000000000001,4.2820358276367188,
30.199999999999999,4.1645126342773438,
30.300000000000001,4.0904159545898438,
30.399999999999999,4.20794677734375,
30.5,4.5707550048828125,
30.600000000000001,4.9821090698242188,
30.699999999999999,5.1200790405273438,
30.800000000000001,4.9591140747070312,
30.899999999999999,4.7189407348632812,
31,4.5349807739257812,
31.100000000000001,4.42767333984375,
31.199999999999999,4.4021224975585938,
31.300000000000001,4.363800048828125,
31.399999999999999,4.2769317626953125,
31.5,4.3433609008789062,
31.600000000000001,4.6959457397460938,
31.699999999999999,5.0689773559570312,
31.800000000000001,5.3985748291015625,
31.899999999999999,5.8099288940429688,
32,6.2238388061523438,
32.100000000000001,6.59942626953125,
32.200000000000003,6.939239501953125,
32.299999999999997,7.105316162109375,
32.399999999999999,6.8344802856445312,
32.5,6.4997787475585938,
32.600000000000001,6.6198654174804688,
32.700000000000003,6.9647903442382812,
32.799999999999997,7.1385269165039062,
32.899999999999999,7.1283111572265625,
33,7.1206436157226562,
33.100000000000001,7.2432861328125,
33.200000000000003,7.5115585327148438,
33.299999999999997,7.9203567504882812,
33.399999999999999,8.1451950073242188,
33.5,7.9535751342773438,
33.600000000000001,7.3659210205078125,
33.700000000000003,6.7399520874023438,
33.799999999999997,6.2800521850585938,
33.899999999999999,6.2493896484375,
34,6.3439254760742188,
34.100000000000001,6.1165313720703125,
34.200000000000003,5.9530105590820312,
34.299999999999997,5.945343017578125,
34.399999999999999,5.9019088745117188,
34.5,5.8431472778320312,
34.600000000000001,5.7843780517578125,
34.700000000000003,5.7409439086914062,
34.799999999999997,5.71539306640625,
34.899999999999999,5.67962646484375,
35,5.6617355346679688,
35.100000000000001,5.595306396484375,
35.200000000000003,5.42156982421875,
35.299999999999997,5.1941757202148438,
35.399999999999999,4.9131240844726562,
35.5,4.5963058471679688,
35.600000000000001,4.363800048828125,
35.700000000000003,4.2999267578125,
35.799999999999997,4.4225616455078125,
35.899999999999999,4.6959457397460938,
36,5.2069473266601562,
36.100000000000001,6.0143280029296875,
36.200000000000003,6.8906936645507812,
36.299999999999997,7.4425735473632812,
36.399999999999999,7.3480377197265625,
36.5,6.7195053100585938,
36.600000000000001,6.1880722045898438,
36.700000000000003,5.9657821655273438,
36.799999999999997,5.8865814208984375,
36.899999999999999,5.8916854858398438,
37,5.853363037109375,
37.100000000000001,5.761383056640625,
37.200000000000003,5.6259689331054688,
37.299999999999997,5.4650039672851562,
37.399999999999999,5.3883514404296875,
37.5,5.3679122924804688,
37.600000000000001,5.2222824096679688,
37.700000000000003,4.915679931640625,
37.799999999999997,4.7163925170898438,
37.899999999999999,4.7163925170898438,
38,4.6908416748046875,
38.100000000000001,4.7112808227539062,
38.200000000000003,5.0102157592773438,
38.299999999999997,5.3551406860351562,
38.399999999999999,5.5007705688476562,
38.5,5.6591873168945312,
38.600000000000001,5.917236328125,
38.700000000000003,6.2187271118164062,
38.799999999999997,6.3260421752929688,
38.899999999999999,6.0143280029296875,
39,5.5723114013671875,
39.100000000000001,5.357696533203125,
39.200000000000003,5.4420089721679688,
39.299999999999997,5.5135498046875,
39.399999999999999,5.3883514404296875,
39.5,5.1762924194335938,
39.600000000000001,4.8748016357421875,
39.700000000000003,4.5554275512695312,
39.799999999999997,4.3382492065429688,
39.899999999999999,4.179840087890625,
40,4.0929718017578125,11.60092830657959
40.100000000000001,4.0060958862304688,
40.200000000000003,3.8349151611328125,
40.299999999999997,3.7506027221679688,
40.399999999999999,3.7582626342773438,
40.5,3.6765060424804688,
40.600000000000001,3.6305160522460938,
40.700000000000003,3.7352676391601562,
40.799999999999997,3.8425827026367188,
40.899999999999999,3.8936767578125,
41,3.9345626831054688,
41.100000000000001,3.9882125854492188,
41.200000000000003,3.9984359741210938,
41.299999999999997,3.9320068359375,
41.399999999999999,3.9013442993164062,
41.5,3.9090118408203125,
41.600000000000001,3.9115676879882812,
41.700000000000003,3.9320068359375,
41.799999999999997,3.995880126953125,
41.899999999999999,4.2820358276367188,
42,4.5963058471679688,
42.100000000000001,4.6167449951171875,
42.200000000000003,4.529876708984375,
42.299999999999997,4.5579757690429688,
42.399999999999999,4.8288116455078125,
42.5,5.2324981689453125,
42.600000000000001,5.4931106567382812,
42.700000000000003,5.60552978515625,
42.799999999999997,5.633636474609375,
42.899999999999999,5.6234130859375,
43,5.5723114013671875,
43.100000000000001,5.3423614501953125,
43.200000000000003,5.0919723510742188,
43.299999999999997,4.989776611328125,
43.399999999999999,4.933563232421875,
43.5,4.8083724975585938,
43.600000000000001,4.68572998046875,
43.700000000000003,4.6244125366210938,
43.799999999999997,4.5094375610351562,
43.899999999999999,4.4225616455078125,
44,4.4941024780273438,
44.100000000000001,4.5963058471679688,
44.200000000000003,4.6320724487304688,
44.299999999999997,4.6678466796875,
44.399999999999999,4.7061691284179688,
44.5,4.6729507446289062,
44.600000000000001,4.61163330078125,
44.700000000000003,4.6065216064453125,
44.799999999999997,4.5707550048828125,
44.899999999999999,4.4941024780273438,
45,4.48388671875,
45.100000000000001,4.4889907836914062,
45.200000000000003,4.3970108032226562,
45.299999999999997,4.1747283935546875,
45.399999999999999,4.05975341796875,
45.5,4.179840087890625,
45.600000000000001,4.3229217529296875,
45.700000000000003,4.3484725952148438,
45.799999999999997,4.2667083740234375,
45.899999999999999,4.4685516357421875,
46,4.9540023803710938,
46.100000000000001,5.2938156127929688,
46.200000000000003,5.5748672485351562,
46.299999999999997,5.9376754760742188,
46.399999999999999,6.3464813232421875,
46.5,6.6939620971679688,
46.600000000000001,6.8625869750976562,
46.700000000000003,6.9494552612304688,
46.799999999999997,7.0465469360351562,
46.899999999999999,7.141082763671875,
47,7.2407302856445312,
47.100000000000001,7.3480377197265625,
47.200000000000003,7.3454818725585938,
47.299999999999997,7.15130615234375,
47.399999999999999,6.8523712158203125,
47.5,6.5559921264648438,
47.600000000000001,6.2570571899414062,
47.700000000000003,5.927459716796875,
47.799999999999997,5.5825347900390625,
47.899999999999999,5.2989273071289062,
48,5.1073074340820312,
48.100000000000001,4.9105682373046875,
48.200000000000003,4.7419357299804688,
48.299999999999997,4.7087249755859375,
48.399999999999999,4.7368316650390625,
48.5,4.7061691284179688,
48.600000000000001,4.6167449951171875,
48.700000000000003,4.5324325561523438,
48.799999999999997,4.4404525756835938,
48.899999999999999,4.2769317626953125,
49,4.0725326538085938,
49.100000000000001,3.8655776977539062,
49.200000000000003,3.6892776489257812,
49.299999999999997,3.5436477661132812,
49.399999999999999,3.4133377075195312,
49.5,3.3903427124023438,
49.600000000000001,3.4491119384765625,
49.700000000000003,3.4516677856445312,
49.799999999999997,3.3852310180664062,
49.899999999999999,3.2702560424804688,
50,3.129730224609375,11.102887153625488
50.100000000000001,2.9968719482421875,
50.200000000000003,2.9176712036132812,
50.299999999999997,2.874237060546875,
50.399999999999999,2.8589019775390625,
50.5,2.9329986572265625,
50.600000000000001,3.0505294799804688,
50.700000000000003,3.1322860717773438,
50.799999999999997,3.1782760620117188,
50.899999999999999,3.1731719970703125,
51,3.1144027709960938,
51.100000000000001,3.111846923828125,
51.200000000000003,3.2268218994140625,
51.299999999999997,3.3954544067382812,
51.399999999999999,3.5845260620117188,
51.5,3.7965927124023438,
51.600000000000001,3.9805526733398438,
51.700000000000003,4.161956787109375,
51.799999999999997,4.3663558959960938,
51.899999999999999,4.583526611328125,
52,4.8007049560546875,
52.100000000000001,5.0127716064453125,
52.200000000000003,5.2427215576171875,
52.299999999999997,5.4982223510742188,
52.399999999999999,5.7639389038085938,
52.5,6.0219955444335938,
52.600000000000001,6.277496337890625,
52.700000000000003,6.5457687377929688,
52.799999999999997,6.773162841796875,
52.899999999999999,6.8804702758789062,
53,6.9264602661132812,
53.100000000000001,7.0235519409179688,
53.200000000000003,7.0465469360351562,
53.299999999999997,6.9699020385742188,
53.399999999999999,6.8728103637695312,
53.5,6.7348403930664062,
53.600000000000001,6.6019821166992188,
53.700000000000003,6.4716720581054688,
53.799999999999997,6.313262939453125,
53.899999999999999,6.1497421264648438,
54,6.0143280029296875,
54.100000000000001,5.86358642578125,
54.200000000000003,5.67962646484375,
54.299999999999997,5.5186614990234375,
54.399999999999999,5.3909072875976562,
54.5,5.265716552734375,
54.600000000000001,5.0740890502929688,
54.700000000000003,4.8824615478515625,
54.799999999999997,4.6525115966796875,
54.899999999999999,4.3944625854492188,
55,4.1466217041015625,
55.100000000000001,3.9192276000976562,
55.200000000000003,3.7327117919921875,
55.299999999999997,3.5666427612304688,
55.399999999999999,3.4210052490234375,
55.5,3.2983627319335938,
55.600000000000001,3.185943603515625,
55.700000000000003,3.0811920166015625,
55.799999999999997,2.9815444946289062,
55.899999999999999,2.8972320556640625,
56,2.835906982421875,
56.100000000000001,2.7975845336914062,
56.200000000000003,2.7771453857421875,
56.299999999999997,2.7515945434570312,
56.399999999999999,2.7285995483398438,
56.5,2.7183761596679688,
56.600000000000001,2.726043701171875,
56.700000000000003,2.77203369140625,
56.799999999999997,2.8793411254882812,
56.899999999999999,3.0249786376953125,
57,3.1706161499023438,
57.100000000000001,3.295806884765625,
57.200000000000003,3.39801025390625,
57.299999999999997,3.5002059936523438,
57.399999999999999,3.6228485107421875,
57.5,3.7735977172851562,
57.600000000000001,3.9371109008789062,
57.700000000000003,4.115966796875,
57.799999999999997,4.307586669921875,
57.899999999999999,4.50177001953125,
58,4.6985015869140625,
58.100000000000001,4.86968994140625,
58.200000000000003,5.0102157592773438,
58.299999999999997,5.1507415771484375,
58.399999999999999,5.2912673950195312,
58.5,5.4598922729492188,
58.600000000000001,5.7383880615234375,
58.700000000000003,6.0424346923828125,
58.799999999999997,6.2110671997070312,
58.899999999999999,6.277496337890625,
59,6.3439254760742188,
59.100000000000001,6.369476318359375,
59.200000000000003,6.2877120971679688,
59.299999999999997,6.1599655151367188,
59.399999999999999,5.9913330078125,
59.5,5.78948974609375,
59.600000000000001,5.651519775390625,
59.700000000000003,5.6106414794921875,
59.799999999999997,5.6004180908203125,
59.899999999999999,5.6029739379882812,
60,5.5620956420898438,14.040561676025391
60.100000000000001,5.4471206665039062,
60.200000000000003,5.3142623901367188,
60.299999999999997,5.2120590209960938,
60.399999999999999,5.1200790405273438,
60.5,5.0204315185546875,
60.600000000000001,4.94378662109375,
60.700000000000003,4.8773574829101562,
60.799999999999997,4.7904815673828125,
60.899999999999999,4.6959457397460938,
61,4.5784225463867188,
61.100000000000001,4.4174575805664062,
61.200000000000003,4.2360458374023438,
61.299999999999997,4.0827484130859375,
61.399999999999999,3.977996826171875,
61.5,3.8527984619140625,
61.600000000000001,3.6969451904296875,
61.700000000000003,3.5564193725585938,
61.799999999999997,3.4388885498046875,
61.899999999999999,3.3366851806640625,
62,3.23193359375,
62.100000000000001,3.129730224609375,
62.200000000000003,3.0249786376953125,
62.299999999999997,2.9227752685546875,
62.399999999999999,2.8589019775390625,
62.5,2.8307952880859375,
62.600000000000001,2.8307952880859375,
62.700000000000003,2.8282470703125,
62.799999999999997,2.7899169921875,
62.899999999999999,2.7413711547851562,
63,2.7209320068359375,
63.100000000000001,2.7209320068359375,
63.200000000000003,2.7592620849609375,
63.299999999999997,2.853790283203125,
63.399999999999999,3.001983642578125,
63.5,3.17572021484375,
63.600000000000001,3.3366851806640625,
63.700000000000003,3.479766845703125,
63.799999999999997,3.5870819091796875,
63.899999999999999,3.6713943481445312,
64,3.7889251708984375,
64.099999999999994,3.9447784423828125,
64.200000000000003,4.123626708984375,
64.299999999999997,4.3254776000976562,
64.400000000000006,4.5170974731445312,
64.5,4.68572998046875,
64.599999999999994,4.8671340942382812,
64.700000000000003,5.0664215087890625,
64.799999999999997,5.2529373168945312,
64.900000000000006,5.4139022827148438,
65,5.5569839477539062,
65.099999999999994,5.7000656127929688,
65.200000000000003,5.8891372680664062,
65.299999999999997,6.0884246826171875,
65.400000000000006,6.1165313720703125,
65.5,6.0066604614257812,
65.599999999999994,5.9121322631835938,
65.700000000000003,5.8303680419921875,
65.799999999999997,5.7843780517578125,
65.900000000000006,5.7690505981445312,
66,5.7486114501953125,
66.099999999999994,5.7179489135742188,
66.200000000000003,5.6719589233398438,
66.299999999999997,5.6106414794921875,
66.400000000000006,5.4931106567382812,
66.5,5.301483154296875,
66.599999999999994,5.0919723510742188,
66.700000000000003,4.9182357788085938,
66.799999999999997,4.7853775024414062,
66.900000000000006,4.6474075317382812,
67,4.5247650146484375,
67.099999999999994,4.473663330078125,
67.200000000000003,4.4430007934570312,
67.299999999999997,4.3765716552734375,
67.400000000000006,4.2845916748046875,
67.5,4.1542892456054688,
67.599999999999994,3.9728851318359375,
67.700000000000003,3.7838134765625,
67.799999999999997,3.627960205078125,
67.900000000000006,3.4925460815429688,
68,3.3366851806640625,
68.099999999999994,3.111846923828125,
68.200000000000003,2.8691253662109375,
68.299999999999997,2.7183761596679688,
68.400000000000006,2.6647262573242188,
68.5,2.6570587158203125,
68.599999999999994,2.62384033203125,
68.700000000000003,2.5574111938476562,
68.799999999999997,2.5088653564453125,
68.900000000000006,2.467987060546875,
69,2.4628753662109375,
69.099999999999994,2.5267562866210938,
69.200000000000003,2.6468353271484375,
69.299999999999997,2.835906982421875,
69.400000000000006,3.1603927612304688,
69.5,3.5615310668945312,
69.599999999999994,3.886016845703125,
69.700000000000003,4.1670608520507812,
69.799999999999997,4.3714675903320312,
69.900000000000006,4.4787750244140625,
70,4.6014175415039062,10.657193183898926
70.099999999999994,4.7521591186523438,
70.200000000000003,4.8799057006835938,
70.299999999999997,5.0204315185546875,
70.400000000000006,5.173736572265625,
70.5,5.3219223022460938,
70.599999999999994,5.4828872680664062,
70.700000000000003,5.64129638671875,
70.799999999999997,5.7716064453125,
70.900000000000006,5.8789138793945312,
71,5.9887771606445312,
71.099999999999994,6.0858688354492188,
71.200000000000003,6.1829605102539062,
71.299999999999997,6.3183746337890625,
71.400000000000006,6.4486770629882812,
71.5,6.5355453491210938,
71.599999999999994,6.5917587280273438,
71.700000000000003,6.6607437133789062,
71.799999999999997,6.70928955078125,
71.900000000000006,6.6939620971679688,
72,6.6326370239257812,
72.099999999999994,6.52532958984375,
72.200000000000003,6.423126220703125,
72.299999999999997,6.3515853881835938,
72.400000000000006,6.2800521850585938,
72.5,6.1957321166992188,
72.599999999999994,6.129302978515625,
72.700000000000003,6.1063079833984375,
72.799999999999997,6.08331298828125,
72.900000000000006,5.9836654663085938,
73,5.8380355834960938,
73.099999999999994,5.7102813720703125,
73.200000000000003,5.5902023315429688,
73.299999999999997,5.4701156616210938,
73.400000000000006,5.3832473754882812,
73.5,5.3168106079101562,
73.599999999999994,5.2478256225585938,
73.700000000000003,5.1762924194335938,
73.799999999999997,5.1098556518554688,
73.900000000000006,5.0766448974609375,
74,5.0306549072265625,
74.099999999999994,4.97955322265625,
74.200000000000003,4.9744415283203125,
74.299999999999997,4.94378662109375,
74.400000000000006,4.8722457885742188,
74.5,4.7700424194335938,
74.599999999999994,4.5963058471679688,
74.700000000000003,4.4046783447265625,
74.799999999999997,4.197723388671875,
74.900000000000006,3.9524459838867188,
75,3.702056884765625,
75.099999999999994,3.4772109985351562,
75.200000000000003,3.3469085693359375,
75.299999999999997,3.2804794311523438,
75.400000000000006,3.3290252685546875,
75.5,3.4542160034179688,
75.599999999999994,3.5334243774414062,
75.700000000000003,3.5027618408203125,
75.799999999999997,3.3775711059570312,
75.900000000000006,3.24981689453125,
76,3.2370452880859375,
76.099999999999994,3.3469085693359375,
76.200000000000003,3.5232009887695312,
76.299999999999997,3.7301559448242188,
76.400000000000006,3.9601058959960938,
76.5,4.1747283935546875,
76.599999999999994,4.3765716552734375,
76.700000000000003,4.5452041625976562,
76.799999999999997,4.7393875122070312,
76.900000000000006,5.0332107543945312,
77,5.3168106079101562,
77.099999999999994,5.4905548095703125,
77.200000000000003,5.5748672485351562,
77.299999999999997,5.6183013916015625,
77.400000000000006,5.697509765625,
77.5,5.7588272094726562,
77.599999999999994,5.7358322143554688,
77.700000000000003,5.7077255249023438,
77.799999999999997,5.6923980712890625,
77.900000000000006,5.6234130859375,
78,5.5212173461914062,
78.099999999999994,5.4368972778320312,
78.200000000000003,5.4650039672851562,
78.299999999999997,5.5339889526367188,
78.400000000000006,5.5748672485351562,
78.5,5.4777755737304688,
78.599999999999994,5.3525848388671875,
78.700000000000003,5.5007705688476562,
78.799999999999997,5.8738021850585938,
78.900000000000006,6.295379638671875,
79,6.6939620971679688,
79.099999999999994,7.0107803344726562,
79.200000000000003,7.105316162109375,
79.299999999999997,7.0005569458007812,
79.400000000000006,6.9315719604492188,
79.5,7.0184402465820312,
79.599999999999994,7.1921844482421875,
79.700000000000003,7.4425735473632812,
79.799999999999997,7.6699676513671875,
79.900000000000006,7.7619476318359375,
80,7.7210693359375,8.9820356369018555
80.099999999999994,7.5319976806640625,
80.200000000000003,7.2662811279296875,
80.299999999999997,6.9724502563476562,
80.400000000000006,6.6505203247070312,
80.5,6.3209304809570312,
80.599999999999994,5.9836654663085938,
80.700000000000003,5.6540756225585938,
80.799999999999997,5.32958984375,
80.900000000000006,4.9974365234375,
81,4.6831741333007812,
81.099999999999994,4.4532241821289062,
81.200000000000003,4.2922592163085938,
81.299999999999997,4.1261825561523438,
81.400000000000006,3.9677734375,
81.5,3.8323593139648438,
81.599999999999994,3.709716796875,
81.700000000000003,3.6254043579101562,
81.799999999999997,3.6049652099609375,
81.900000000000006,3.6892776489257812,
82,3.9703292846679688,
82.099999999999994,4.4481124877929688,
82.200000000000003,5.2759323120117188,
82.299999999999997,6.313262939453125,
82.400000000000006,7.141082763671875,
82.5,7.749176025390625,
82.599999999999994,8.1222000122070312,
82.700000000000003,8.1784133911132812,
82.799999999999997,7.9254684448242188,
82.900000000000006,7.5703201293945312,
83,7.3531494140625,
83.099999999999994,7.1640777587890625,
83.200000000000003,6.9545669555664062,
83.299999999999997,6.8217086791992188,
83.400000000000006,6.7527236938476562,
83.5,6.7067337036132812,
83.599999999999994,6.699066162109375,
83.700000000000003,6.737396240234375,
83.799999999999997,6.7118453979492188,
83.900000000000006,6.5789871215820312,
84,6.4946670532226562,
84.099999999999994,6.4844512939453125,
84.200000000000003,6.45123291015625,
84.299999999999997,6.4001312255859375,
84.400000000000006,6.3720321655273438,
84.5,6.3541412353515625,
84.599999999999994,6.2979354858398438,
84.700000000000003,6.221282958984375,
84.799999999999997,6.147186279296875,
84.900000000000006,6.0807571411132812,
85,6.0271072387695312,
85.099999999999994,6.0041122436523438,
85.200000000000003,6.0143280029296875,
85.299999999999997,5.9683380126953125,
85.400000000000006,5.8891372680664062,
85.5,5.8150405883789062,
85.599999999999994,5.541656494140625,
85.700000000000003,5.1456298828125,
85.799999999999997,4.9003524780273438,
85.900000000000006,4.841583251953125,
86,4.8339157104492188,
86.099999999999994,4.8466949462890625,
86.200000000000003,4.9386749267578125,
86.299999999999997,4.9412307739257812,
86.400000000000006,4.9284515380859375,
86.5,4.9999923706054688,
86.599999999999994,5.0306549072265625,
86.700000000000003,5.0510940551757812,
86.799999999999997,5.0664215087890625,
86.900000000000006,5.071533203125,
87,5.2069473266601562,
87.099999999999994,5.4982223510742188,
87.200000000000003,5.6438522338867188,
87.299999999999997,5.6080856323242188,
87.400000000000006,5.54931640625,
87.5,5.42156982421875,
87.599999999999994,5.1967315673828125,
87.700000000000003,5.0613174438476562,
87.799999999999997,5.0843124389648438,
87.900000000000006,5.1762924194335938,
88,5.2401657104492188,
88.099999999999994,5.191619873046875,
88.200000000000003,5.117523193359375,
88.299999999999997,5.0613174438476562,
88.400000000000006,4.9565582275390625,
88.5,4.8850173950195312,
88.599999999999994,4.8901290893554688,
88.700000000000003,4.9105682373046875,
88.799999999999997,4.9361190795898438,
88.900000000000006,4.9693374633789062,
89,5.0102157592773438,
89.099999999999994,5.0383224487304688,
89.200000000000003,5.0459823608398438,
89.299999999999997,5.0357666015625,
89.400000000000006,5.0306549072265625,
89.5,4.9463424682617188,
89.599999999999994,4.8671340942382812,
89.700000000000003,5.0357666015625,
89.799999999999997,5.2197265625,
89.900000000000006,5.1149673461914062,
90,4.9361190795898438,10.600706100463867
90.099999999999994,4.8850173950195312,
90.200000000000003,4.8645782470703125,
90.299999999999997,4.7930374145507812,
90.400000000000006,4.7061691284179688,
90.5,4.5605316162109375,
90.599999999999994,4.381683349609375,
90.700000000000003,4.3126983642578125,
90.799999999999997,4.2283859252929688,
90.900000000000006,4.0827484130859375,
91,4.0495376586914062,
91.099999999999994,4.0214309692382812,
91.200000000000003,3.9115676879882812,
91.299999999999997,3.9294509887695312,
91.400000000000006,4.05975341796875,
91.5,4.0929718017578125,
91.599999999999994,4.0801925659179688,
91.700000000000003,4.1031875610351562,
91.799999999999997,4.1491775512695312,
91.900000000000006,4.2181625366210938,
92,4.2667083740234375,
92.099999999999994,4.2948150634765625,
92.200000000000003,4.3586883544921875,
92.299999999999997,4.4021224975585938,
92.400000000000006,4.3765716552734375,
92.5,4.3484725952148438,
92.599999999999994,4.3305816650390625,
92.700000000000003,4.2488250732421875,
92.799999999999997,4.20794677734375,
92.900000000000006,4.2948150634765625,
93,4.3689117431640625,
93.099999999999994,4.3791275024414062,
93.200000000000003,4.4046783447265625,
93.299999999999997,4.50177001953125,
93.400000000000006,4.6448516845703125,
93.5,4.7061691284179688,
93.599999999999994,4.9999923706054688,
93.700000000000003,5.67962646484375,
93.799999999999997,6.2570571899414062,
93.900000000000006,6.6173095703125,
94,7.0082244873046875,
94.099999999999994,7.7261810302734375,
94.200000000000003,8.7839508056640625,
94.299999999999997,9.5453414916992188,
94.400000000000006,9.7650680541992188,
94.5,9.754852294921875,
94.599999999999994,9.6194305419921875,
94.700000000000003,9.3818206787109375,
94.799999999999997,9.1160964965820312,
94.900000000000006,8.8401565551757812,
95,8.5565567016601562,
95.099999999999994,8.3112716674804688,
95.200000000000003,8.1043167114257812,
95.299999999999997,7.9024734497070312,
95.400000000000006,7.5907669067382812,
95.5,7.215179443359375,
95.599999999999994,6.8753662109375,
95.700000000000003,6.553436279296875,
95.799999999999997,6.2877120971679688,
95.900000000000006,5.9581222534179688,
96,5.7051773071289062,
96.099999999999994,5.5697555541992188,
96.200000000000003,5.467559814453125,
96.299999999999997,5.2938156127929688,
96.400000000000006,5.0280990600585938,
96.5,4.7572708129882812,
96.599999999999994,4.5324325561523438,
96.700000000000003,4.2948150634765625,
96.799999999999997,4.05975341796875,
96.900000000000006,3.8604660034179688,
97,3.6713943481445312,
97.099999999999994,3.50787353515625,
97.200000000000003,3.3724594116210938,
97.299999999999997,3.242156982421875,
97.400000000000006,3.1603927612304688,
97.5,3.1425094604492188,
97.599999999999994,3.1322860717773438,
97.700000000000003,3.093963623046875,
97.799999999999997,3.0633010864257812,
97.900000000000006,3.0684127807617188,
98,3.1016311645507812,
98.099999999999994,3.1961669921875,
98.200000000000003,3.39801025390625,
98.299999999999997,3.627960205078125,
98.400000000000006,3.8451309204101562,
98.5,4.0674209594726562,
98.599999999999994,4.3203659057617188,
98.700000000000003,4.6269607543945312,
98.799999999999997,4.7777099609375,
98.900000000000006,4.7240524291992188,
99,4.6729507446289062,
99.099999999999994,4.529876708984375,
99.200000000000003,4.3689117431640625,
99.299999999999997,4.3867950439453125,
99.400000000000006,4.455780029296875,
99.5,4.5860824584960938,
99.599999999999994,4.767486572265625,
99.700000000000003,4.7751541137695312,
99.799999999999997,4.7240524291992188,
99.900000000000006,4.8185882568359375,
100,4.8492507934570312,7.964601993560791
100.09999999999999,4.7725982666015625,
100.2,4.7777099609375,
100.3,4.7751541137695312,
100.40000000000001,4.6882858276367188,
100.5,4.6704025268554688,
100.59999999999999,4.6627349853515625,
100.7,4.6167449951171875,
100.8,4.6014175415039062,
100.90000000000001,4.5579757690429688,
101,4.491546630859375,
101.09999999999999,4.4506683349609375,
101.2,4.3791275024414062,
101.3,4.3331375122070312,
101.40000000000001,4.3254776000976562,
101.5,4.289703369140625,
101.59999999999999,4.2794876098632812,
101.7,4.2871475219726562,
101.8,4.2692642211914062,
101.90000000000001,4.2386016845703125,
102,4.2845916748046875,
102.09999999999999,4.6346282958984375,
102.2,5.181396484375,
102.3,5.6719589233398438,
102.40000000000001,6.1497421264648438,
102.5,6.6300811767578125,
102.59999999999999,7.0414352416992188,
102.7,7.4016952514648438,
102.8,7.7747268676757812,
102.90000000000001,8.0736618041992188,
103,8.2192916870117188,
103.09999999999999,8.0506668090820312,
103.2,7.6904067993164062,
103.3,7.4221343994140625,
103.40000000000001,7.1666336059570312,
103.5,6.9469070434570312,
103.59999999999999,6.7961578369140625,
103.7,6.5866470336914062,
103.8,6.4026870727539062,
103.90000000000001,6.3592529296875,
104,6.4180221557617188,
104.09999999999999,6.4589004516601562,
104.2,6.423126220703125,
104.3,6.369476318359375,
104.40000000000001,6.3439254760742188,
104.5,6.3260421752929688,
104.59999999999999,6.221282958984375,
104.7,6.0449905395507812,
104.8,5.9146804809570312,
104.90000000000001,5.8508071899414062,
105,5.807373046875,
105.09999999999999,5.7843780517578125,
105.2,5.7767105102539062,
105.3,5.7716064453125,
105.40000000000001,5.78948974609375,
105.5,5.761383056640625,
105.59999999999999,5.6719589233398438,
105.7,5.5544281005859375,
105.8,5.3832473754882812,
105.90000000000001,5.2299423217773438,
106,5.209503173828125,
106.09999999999999,5.2580490112304688,
106.2,5.191619873046875,
106.3,5.1021957397460938,
106.40000000000001,5.0510940551757812,
106.5,4.859466552734375,
106.59999999999999,4.5707550048828125,
106.7,4.2922592163085938,
106.8,4.031646728515625,
106.90000000000001,3.8221359252929688,
107,3.6713943481445312,
107.09999999999999,3.571746826171875,
107.2,3.50787353515625,
107.3,3.4516677856445312,
107.40000000000001,3.4133377075195312,
107.5,3.405670166015625,
107.59999999999999,3.387786865234375,
107.7,3.28814697265625,
107.8,3.1731719970703125,
107.90000000000001,3.1322860717773438,
108,3.1425094604492188,
108.09999999999999,3.1425094604492188,
108.2,3.1220703125,
108.3,3.129730224609375,
108.40000000000001,3.1373977661132812,
108.5,3.1552810668945312,
108.59999999999999,3.185943603515625,
108.7,3.1910552978515625,
108.8,3.168060302734375,
108.90000000000001,3.1578369140625,
109,3.2447052001953125,
109.09999999999999,3.4414443969726562,
109.2,3.6816177368164062,
109.3,3.9141159057617188,
109.40000000000001,4.1645126342773438,
109.5,4.48388671875,
109.59999999999999,4.8722457885742188,
109.7,5.3065948486328125,
109.8,5.743499755859375,
109.90000000000001,6.1344146728515625,
110,6.4256820678710938,8.0053367614746094
110.09999999999999,6.6224212646484375,
110.2,6.8217086791992188,
110.3,6.9315719604492188,
110.40000000000001,6.9009170532226562,
110.5,6.9928970336914062,
110.59999999999999,7.1538619995117188,
110.7,7.2305068969726562,
110.8,7.307159423828125,
110.90000000000001,7.3659210205078125,
111,7.399139404296875,
111.09999999999999,7.4042510986328125,
111.2,7.3327102661132812,
111.3,7.1717453002929688,
111.40000000000001,6.9826736450195312,
111.5,6.7603912353515625,
111.59999999999999,6.5381011962890625,
111.7,6.405242919921875,
111.8,6.3362579345703125,
111.90000000000001,6.3030471801757812,
112,6.28515625,
112.09999999999999,6.1957321166992188,
112.2,6.0603179931640625,
112.3,5.9300155639648438,
112.40000000000001,5.835479736328125,
112.5,5.7920455932617188,
112.59999999999999,5.7307205200195312,
112.7,5.6106414794921875,
112.8,5.4547805786132812,
112.90000000000001,5.2427215576171875,
113,5.0051040649414062,
113.09999999999999,4.8288116455078125,
113.2,4.70361328125,
113.3,4.5681991577148438,
113.40000000000001,4.4021224975585938,
113.5,4.2105026245117188,
113.59999999999999,4.0393142700195312,
113.7,3.9115676879882812,
113.8,3.794036865234375,
113.90000000000001,3.6816177368164062,
114,3.5845260620117188,
114.09999999999999,3.4848785400390625,
114.2,3.387786865234375,
114.3,3.313690185546875,
114.40000000000001,3.23193359375,
114.5,3.1271820068359375,
114.59999999999999,3.001983642578125,
114.7,2.8767852783203125,
114.8,2.800140380859375,
114.90000000000001,2.7669219970703125,
115,2.7337112426757812,
115.09999999999999,2.6826095581054688,
115.2,2.6391754150390625,
115.3,2.6212921142578125,
115.40000000000001,2.616180419921875,
115.5,2.6289520263671875,
115.59999999999999,2.6877212524414062,
115.7,2.8103561401367188,
115.8,2.966217041015625,
115.90000000000001,3.1195144653320312,
116,3.2830352783203125,
116.09999999999999,3.4695510864257812,
116.2,3.6739501953125,
116.3,3.8706817626953125,
116.40000000000001,4.0623092651367188,
116.5,4.2615966796875,
116.59999999999999,4.5043258666992188,
116.7,4.8083724975585938,
116.8,5.1328506469726562,
116.90000000000001,5.393463134765625,
117,5.577423095703125,
117.09999999999999,5.725616455078125,
117.2,5.9019088745117188,
117.3,6.0960922241210938,
117.40000000000001,6.17529296875,
117.5,6.093536376953125,
117.59999999999999,5.9581222534179688,
117.7,5.917236328125,
117.8,6.019439697265625,
117.90000000000001,6.147186279296875,
118,6.1599655151367188,
118.09999999999999,6.1037521362304688,
118.2,6.001556396484375,
118.3,5.8763580322265625,
118.40000000000001,5.7409439086914062,
118.5,5.6387405395507812,
118.59999999999999,5.5518722534179688,
118.7,5.449676513671875,
118.8,5.319366455078125,
118.90000000000001,5.1430740356445312,
119,4.9642257690429688,
119.09999999999999,4.8262557983398438,
119.2,4.7342758178710938,
119.3,4.6831741333007812,
119.40000000000001,4.6729507446289062,
119.5,4.6831741333007812,
119.59999999999999,4.621856689453125,
119.7,4.5196533203125,
119.8,4.473663330078125,
119.90000000000001,4.4992141723632812,
120,4.4430007934570312,7.237635612487793
120.09999999999999,4.2411575317382812,
120.2,4.2845916748046875,
120.3,4.639739990234375,
120.40000000000001,4.8799057006835938,
120.5,4.9284515380859375,
120.59999999999999,4.8824615478515625,
120.7,4.6908416748046875,
120.8,4.5528717041015625,
120.90000000000001,4.5452041625976562,
121,4.5196533203125,
121.09999999999999,4.4864425659179688,
121.2,4.4097900390625,
121.3,4.4046783447265625,
121.40000000000001,4.547760009765625,
121.5,4.6704025268554688,
121.59999999999999,4.6985015869140625,
121.7,4.6704025268554688,
121.8,4.6167449951171875,
121.90000000000001,4.39190673828125,
122,3.5615310668945312,
122.09999999999999,2.7311553955078125,
122.2,2.7311553955078125,
122.3,3.0709686279296875,
122.40000000000001,3.2089385986328125,
122.5,3.2114944458007812,
122.59999999999999,3.1731719970703125,
122.7,3.10418701171875,
122.8,3.1348419189453125,
122.90000000000001,3.3034744262695312,
123,3.5691909790039062,
123.09999999999999,3.94989013671875,
123.2,4.3740158081054688,
123.3,4.823699951171875,
123.40000000000001,5.4292373657226562,
123.5,6.2723846435546875,
123.59999999999999,7.0082244873046875,
123.7,7.0107803344726562,
123.8,6.5202178955078125,
123.90000000000001,6.2698287963867188,
124,6.0705413818359375,
124.09999999999999,5.7051773071289062,
124.2,5.587646484375,
124.3,5.8048171997070312,
124.40000000000001,6.1625213623046875,
124.5,6.3107070922851562,
124.59999999999999,6.1446304321289062,
124.7,5.8763580322265625,
124.8,5.5850906372070312,
124.90000000000001,5.3525848388671875,
125,5.2631607055664062,
125.09999999999999,5.2554931640625,
125.2,5.27337646484375,
125.3,5.4905548095703125,
125.40000000000001,6.00921630859375,
125.5,6.4537887573242188,
125.59999999999999,6.4359054565429688,
125.7,6.2059555053710938,
125.8,6.0679855346679688,
125.90000000000001,6.0245513916015625,
126,6.0526504516601562,
126.09999999999999,6.0628738403320312,
126.2,5.9938888549804688,
126.3,5.9070205688476562,
126.40000000000001,5.9019088745117188,
126.5,5.9070205688476562,
126.59999999999999,5.8380355834960938,
126.7,5.6949539184570312,
126.8,5.6234130859375,
126.90000000000001,5.67962646484375,
127,5.6285247802734375,
127.09999999999999,5.633636474609375,
127.2,5.8763580322265625,
127.3,6.0271072387695312,
127.40000000000001,6.0679855346679688,
127.5,6.1063079833984375,
127.59999999999999,6.0730972290039062,
127.7,6.001556396484375,
127.8,5.9070205688476562,
127.90000000000001,5.8738021850585938,
128,6.0654296875,
128.09999999999999,6.3669204711914062,
128.19999999999999,6.4895553588867188,
128.30000000000001,6.4486770629882812,
128.40000000000001,6.387359619140625,
128.5,6.4129104614257812,
128.59999999999999,6.4435653686523438,
128.69999999999999,6.37713623046875,
128.80000000000001,6.2749404907226562,
